Batch,20210505 clumped dolomite apatite calibration 5 NTA,Collected on,2021/05/05 21:37:35,Analysis Instrument,PS019,Acquisition Software,,Stable 1.71.5,Reanalyzed  on,2021/05/05 22:36:42,Reanalysis Instrument,PS019,Reanalysis Software,Stable 1.71.5

Data,Batch,Data,Sample,Method,Analysis,Batch,Time,Sample,Vial,Initial,Sample,ColdFinger,Transducer,InletPiraniPressure,Sample,MaxPumpOverPressure,RawPumpOverPressure,Sample,Min,Max,Pre-balance,Pre-depleted,Final,Final,Depletion,Balance,Balance,RefBellowsPos,SamBellowsPos,Pirani,Current,Zero,Zero,Zero,Zero,Zero,Zero,Zero,Zero,Sam,Ref,Ave,Ref Major,Sam Major,Sample,Sample,Sample,Sample,Sample,Ref,Ref,Ref,Ref,Ref,Raw,Raw,Raw,Raw,Raw,Delta(13),Std,Rejected,Num,Delta(18),Std,Rejected,Num,DELTA,DELTA,DELTA,
Dir   ,Name   ,File   ,Name   ,  ,  ,Started   ,Collected   ,Weight   ,Location   ,Sam Beam   ,Yield   ,Status   ,Pressure   ,  ,Chops   ,  ,  ,Operations   ,Ref Beam   ,Ref Beam   ,Sam Beam   ,Ref Beam   ,Sam Beam   ,Ref Beam   ,Factor  ,End   ,%  ,  ,  ,Pressure   ,Mass   ,Length    ,Offset   ,Beams (0) ,Beams (1) ,Beams (2) ,Beams (3) ,Beams (4) ,Beams (5) ,Depletion   ,Depletion   ,Temperature   ,Signal(44),Signal(44),Ratio(45/44),Ratio(46/44),Ratio(47/44),Ratio(48/44),Ratio(49/44),Ratio(45/44),Ratio(46/44),Ratio(47/44),Ratio(48/44),Ratio(49/44),Delta(45/44),Delta(46/44),Delta(47/44),Delta(48/44),Delta(49/44),wrt PDB,Err,,,wrt PDB,Err,,,47,48,49,

C:\Nu Stable\Results\2021\20210505 clumped dolomite apatite calibration 5 NTA,20210505 clumped dolomite apatite calibration 5 NTA,Data_13553 ETH-1.txt,ETH-1,C:\Nu Stable\Analyses\DI\CO2 20-6-20 clumped NuCarb.rdf,Clumped CO2 Iterative,2021/05/05 21:37:35,2021/05/05 21:37:35,477,1,1.6825e-07,3.527235E-10,CF,25.329,3.476e-02,1,3.6354e-02,14976, InitialisePrepSampleRun; CheckIfCFRequired; UseCF; SampleTrapped; Chop_CF_SamSub; SampleTrapped; BalanceRefToSamValue; DepletingBalance; SampleReady;,3.9154e-08,1.0587e-07,7.0256e-08,7.0570e-08,7.0513e-08,7.0309e-08,0.96,2021/05/05 21:36:50,0.29,5544,8446,3.4756e-02,46.011,20,0.000,-3.6442e-13,-1.6567e-13,-1.8455e-13,-1.0348e-13,1.8650e-14,7.3636e-12,21.00,21.00,72.22,4.54160e-08,4.51921e-08,1.20321e-02,4.2547e-03,4.9656e-05,4.7362e-06,1.7370e-08,1.1975e-02,4.2071e-03,4.8898e-05,4.6321e-06,1.7912e-08,4.7758,11.3196,15.4928,22.4594,-56.1965,1.8015,0.0007,0,60,5.3545,0.0015,0,60,-0.6135,-0.3011,-81.5294,
C:\Nu Stable\Results\2021\20210505 clumped dolomite apatite calibration 5 NTA,20210505 clumped dolomite apatite calibration 5 NTA,Data_13554 ETH-3.txt,ETH-3,C:\Nu Stable\Analyses\DI\CO2 20-6-20 clumped NuCarb.rdf,Clumped CO2 Iterative,2021/05/05 21:37:35,2021/05/06 00:04:18,439,2,1.5313e-07,3.488055E-10,CF,23.071,3.323e-02,1,3.2488e-02,14848, InitialisePrepSampleRun; CheckIfCFRequired; UseCF; SampleTrapped; Chop_CF_SamSub; SampleTrapped; BalanceRefToSamValue; DepletingBalance; SampleReady;,3.8322e-08,1.0543e-07,6.4129e-08,6.4407e-08,6.4361e-08,6.4222e-08,0.96,2021/05/06 00:03:32,0.22,5824,8446,3.3227e-02,46.011,20,0.000,-3.6461e-13,-1.6602e-13,-1.8476e-13,-1.0351e-13,2.1780e-14,7.4735e-12,21.00,21.00,72.32,4.19356e-08,4.16867e-08,1.20290e-02,4.2572e-03,4.9733e-05,4.7701e-06,8.6974e-08,1.1975e-02,4.2071e-03,4.8941e-05,4.6601e-06,8.7373e-08,4.5460,11.9128,16.1814,23.5905,-2.1700,1.5365,0.0010,0,60,5.9452,0.0016,0,60,-0.2772,-0.3681,-29.8373,
C:\Nu Stable\Results\2021\20210505 clumped dolomite apatite calibration 5 NTA,20210505 clumped dolomite apatite calibration 5 NTA,Data_13555 ETH-4.txt,ETH-4,C:\Nu Stable\Analyses\DI\CO2 20-6-20 clumped NuCarb.rdf,Clumped CO2 Iterative,2021/05/05 21:37:35,2021/05/06 02:31:27,397,3,1.4142e-07,3.562147E-10,CF,21.118,3.323e-02,1,3.3983e-02,14848, InitialisePrepSampleRun; CheckIfCFRequired; UseCF; SampleTrapped; Chop_CF_SamSub; SampleTrapped; BalanceRefToSamValue; DepletingBalance; SampleReady;,3.7591e-08,1.0611e-07,5.9294e-08,5.9599e-08,5.9550e-08,5.9421e-08,0.96,2021/05/06 02:30:41,0.22,6069,8446,3.3227e-02,46.007,20,0.000,-3.6168e-13,-1.6506e-13,-1.8325e-13,-1.0295e-13,2.2119e-14,7.3707e-12,20.00,21.00,72.32,3.91790e-08,3.89226e-08,1.18877e-02,4.1842e-03,4.8304e-05,4.6165e-06,9.7013e-08,1.1974e-02,4.2067e-03,4.8943e-05,4.6652e-06,9.9051e-08,-7.1984,-5.3411,-13.0427,-10.4495,-21.0453,-10.3653,0.0010,0,60,-11.1995,0.0013,0,60,-0.4126,0.2063,-3.0481,
C:\Nu Stable\Results\2021\20210505 clumped dolomite apatite calibration 5 NTA,20210505 clumped dolomite apatite calibration 5 NTA,Data_13556 ETH-2.txt,ETH-2,C:\Nu Stable\Analyses\DI\CO2 20-6-20 clumped NuCarb.rdf,Clumped CO2 Iterative,2021/05/05 21:37:35,2021/05/06 04:57:21,496,4,1.8174e-07,3.664187E-10,CF,26.214,3.249e-02,1,3.3983e-02,14848, InitialisePrepSampleRun; CheckIfCFRequired; UseCF; SampleTrapped; Chop_CF_SamSub; SampleTrapped; BalanceRefToSamValue; DepletingBalance; SampleReady;,3.6953e-08,1.0539e-07,7.5335e-08,7.5923e-08,7.5897e-08,7.5629e-08,0.96,2021/05/06 04:56:35,0.35,5070,8446,3.2488e-02,46.011,20,0.000,-3.5448e-13,-1.6201e-13,-1.7968e-13,-9.7627e-14,2.9898e-14,7.6997e-12,21.00,22.00,71.90,4.83588e-08,4.81498e-08,1.18896e-02,4.1850e-03,4.8273e-05,4.5915e-06,3.9127e-08,1.1974e-02,4.2068e-03,4.8910e-05,4.6402e-06,4.2037e-08,-7.0766,-5.1791,-13.0106,-10.4884,-86.0764,-10.2413,0.0009,0,60,-11.0386,0.0013,0,60,-0.6666,-0.1588,-69.6937,
C:\Nu Stable\Results\2021\20210505 clumped dolomite apatite calibration 5 NTA,20210505 clumped dolomite apatite calibration 5 NTA,Data_13557 IAEA-C1.txt,IAEA-C1,C:\Nu Stable\Analyses\DI\CO2 20-6-20 clumped NuCarb.rdf,Clumped CO2 Iterative,2021/05/05 21:37:35,2021/05/06 07:24:27,464,5,1.6767e-07,3.613479E-10,CF,24.780,3.323e-02,1,3.3227e-02,14848, InitialisePrepSampleRun; CheckIfCFRequired; UseCF; SampleTrapped; Chop_CF_SamSub; SampleTrapped; BalanceRefToSamValue; DepletingBalance; SampleReady;,3.6222e-08,1.0574e-07,6.9709e-08,6.9900e-08,6.9878e-08,6.9686e-08,0.96,2021/05/06 07:23:41,0.28,5275,8448,3.3227e-02,46.011,20,0.000,-3.5373e-13,-1.6175e-13,-1.7911e-13,-9.7852e-14,2.9522e-14,7.6380e-12,21.00,21.00,72.14,4.50511e-08,4.48015e-08,1.20358e-02,4.2542e-03,4.9711e-05,4.7637e-06,9.1252e-08,1.1974e-02,4.2068e-03,4.8938e-05,4.6610e-06,9.1446e-08,5.1535,11.2636,15.7963,22.0321,-0.4273,2.2054,0.0330,0,60,5.2979,0.0180,0,60,-0.6474,-0.6079,-27.5402,
C:\Nu Stable\Results\2021\20210505 clumped dolomite apatite calibration 5 NTA,20210505 clumped dolomite apatite calibration 5 NTA,Data_13558 BISON_ENAMEL_A.txt,BISON_ENAMEL_A,C:\Nu Stable\Analyses\DI\CO2 20-6-20 clumped NuCarb.rdf,Clumped CO2 Iterative,2021/05/05 21:37:35,2021/05/06 09:51:00,7953,6,1.9829e-07,2.493308E-11,CF,29.053,3.249e-02,1,3.3983e-02,14880, InitialisePrepSampleRun; CheckIfCFRequired; UseCF; SampleTrapped; Chop_CF_SamSub; SampleTrapped; BalanceRefToSamValue; DepletingBalance; SampleReady;,3.5456e-08,1.0587e-07,8.1812e-08,8.1776e-08,8.1705e-08,8.1519e-08,0.96,2021/05/06 09:50:15,0.23,4687,8449,3.2488e-02,46.011,20,0.000,-3.5024e-13,-1.6038e-13,-1.7751e-13,-9.4444e-14,3.4708e-14,7.8920e-12,22.00,22.00,72.14,5.14947e-08,5.12608e-08,1.18658e-02,4.2126e-03,4.8584e-05,4.7251e-06,2.0670e-07,1.1974e-02,4.2067e-03,4.8989e-05,4.7120e-06,2.0746e-07,-9.0342,1.3974,-8.2517,2.8216,-3.8245,-12.5530,0.0008,0,60,-4.4896,0.0013,0,60,-0.3074,0.0247,3.0764,
C:\Nu Stable\Results\2021\20210505 clumped dolomite apatite calibration 5 NTA,20210505 clumped dolomite apatite calibration 5 NTA,Data_13559 BISON_ENAMEL_A.txt,BISON_ENAMEL_A,C:\Nu Stable\Analyses\DI\CO2 20-6-20 clumped NuCarb.rdf,Clumped CO2 Iterative,2021/05/05 21:37:35,2021/05/06 12:17:37,8152,7,2.0090e-07,2.464389E-11,CF,29.358,3.177e-02,1,3.2488e-02,14848, InitialisePrepSampleRun; CheckIfCFRequired; UseCF; SampleTrapped; Chop_CF_SamSub; SampleTrapped; BalanceRefToSamValue; DepletingBalance; SampleReady;,3.4678e-08,1.0598e-07,8.2987e-08,8.2838e-08,8.2791e-08,8.2545e-08,0.96,2021/05/06 12:16:52,0.30,4566,8448,3.1766e-02,46.007,20,0.000,-3.0744e-13,-1.4106e-13,-1.5587e-13,-7.4700e-14,5.7578e-14,7.8714e-12,22.00,22.00,72.14,5.21086e-08,5.18257e-08,1.18623e-02,4.2103e-03,4.8545e-05,4.7083e-06,1.7877e-07,1.1971e-02,4.2049e-03,4.8954e-05,4.6963e-06,1.7939e-07,-9.0597,1.2942,-8.3702,2.5604,-4.6217,-12.5766,0.0009,0,60,-4.5923,0.0010,0,60,-0.2990,-0.0296,2.5042,
C:\Nu Stable\Results\2021\20210505 clumped dolomite apatite calibration 5 NTA,20210505 clumped dolomite apatite calibration 5 NTA,Data_13560 BISON_ENAMEL_A.txt,BISON_ENAMEL_A,C:\Nu Stable\Analyses\DI\CO2 20-6-20 clumped NuCarb.rdf,Clumped CO2 Iterative,2021/05/05 21:37:35,2021/05/06 14:44:18,8237,8,2.0158e-07,2.447235E-11,CF,29.205,3.177e-02,1,3.2488e-02,14848, InitialisePrepSampleRun; CheckIfCFRequired; UseCF; SampleTrapped; Chop_CF_SamSub; SampleTrapped; BalanceRefToSamValue; DepletingBalance; SampleReady;,3.3812e-08,1.0570e-07,8.3330e-08,8.3050e-08,8.2999e-08,8.2803e-08,0.96,2021/05/06 14:43:32,0.24,4471,8448,3.1766e-02,46.007,20,0.000,-3.0899e-13,-1.4176e-13,-1.5650e-13,-7.5250e-14,5.7542e-14,7.9474e-12,22.00,22.00,72.14,5.22294e-08,5.19724e-08,1.18633e-02,4.2102e-03,4.8430e-05,4.6067e-06,-4.8365e-08,1.1972e-02,4.2053e-03,4.8846e-05,4.5966e-06,-4.6146e-08,-9.0563,1.1509,-8.5327,2.1851,12.6347,-12.5680,0.0009,0,60,-4.7349,0.0013,0,60,-0.3255,-0.1178,20.1675,
C:\Nu Stable\Results\2021\20210505 clumped dolomite apatite calibration 5 NTA,20210505 clumped dolomite apatite calibration 5 NTA,Data_13561 ETH-3.txt,ETH-3,C:\Nu Stable\Analyses\DI\CO2 20-6-20 clumped NuCarb.rdf,Clumped CO2 Iterative,2021/05/05 21:37:35,2021/05/06 17:10:51,463,9,1.2146e-07,2.623412E-10,CF,18.371,3.249e-02,1,3.3227e-02,14816, InitialisePrepSampleRun; CheckIfCFRequired; UseCF; SampleTrapped; Chop_CF_SamSub; SampleTrapped; BalanceRefToSamValue; DepletingBalance; SampleReady;,3.3038e-08,1.0607e-07,5.1531e-08,5.1824e-08,5.1810e-08,5.1667e-08,0.96,2021/05/06 17:10:06,0.28,6087,8448,3.2488e-02,46.007,20,0.000,-3.2333e-13,-1.4846e-13,-1.6382e-13,-8.6475e-14,4.0144e-14,7.2429e-12,20.00,20.00,72.14,3.46522e-08,3.44215e-08,1.20252e-02,4.2557e-03,4.9712e-05,4.7490e-06,3.9207e-08,1.1971e-02,4.2055e-03,4.8919e-05,4.6388e-06,4.0257e-08,4.5203,11.9491,16.2034,23.7582,-39.2756,1.5078,0.0010,0,60,5.9815,0.0019,0,60,-0.2644,-0.2762,-65.9545,
C:\Nu Stable\Results\2021\20210505 clumped dolomite apatite calibration 5 NTA,20210505 clumped dolomite apatite calibration 5 NTA,Data_13562 ETH-1.txt,ETH-1,C:\Nu Stable\Analyses\DI\CO2 20-6-20 clumped NuCarb.rdf,Clumped CO2 Iterative,2021/05/05 21:37:35,2021/05/06 19:37:10,504,10,1.8729e-07,3.716133E-10,CF,27.496,3.249e-02,1,3.2488e-02,14816, InitialisePrepSampleRun; CheckIfCFRequired; UseCF; SampleTrapped; Chop_CF_SamSub; SampleTrapped; BalanceRefToSamValue; DepletingBalance; SampleReady;,3.2436e-08,1.0567e-07,7.7698e-08,7.7551e-08,7.7483e-08,7.7285e-08,0.96,2021/05/06 19:36:24,0.26,4553,8448,3.2488e-02,46.007,20,0.000,-3.2275e-13,-1.4847e-13,-1.6372e-13,-8.3068e-14,4.7886e-14,7.7158e-12,21.00,22.00,72.14,4.92419e-08,4.90121e-08,1.20299e-02,4.2539e-03,4.9668e-05,4.7473e-06,4.5871e-08,1.1972e-02,4.2058e-03,4.8905e-05,4.6418e-06,4.6652e-08,4.8311,11.4557,15.6174,22.7319,-31.7529,1.8557,0.0009,0,60,5.4898,0.0015,0,60,-0.6799,-0.3037,-58.0472,
C:\Nu Stable\Results\2021\20210505 clumped dolomite apatite calibration 5 NTA,20210505 clumped dolomite apatite calibration 5 NTA,Data_13563 SRM-88b.txt,SRM-88b,C:\Nu Stable\Analyses\DI\CO2 20-6-20 clumped NuCarb.rdf,Clumped CO2 Iterative,2021/05/05 21:37:35,2021/05/06 22:03:20,451,11,1.5704e-07,3.481978E-10,CF,23.834,3.177e-02,1,3.3227e-02,14880, InitialisePrepSampleRun; CheckIfCFRequired; UseCF; SampleTrapped; Chop_CF_SamSub; SampleTrapped; BalanceRefToSamValue; DepletingBalance; SampleReady;,4.1502e-08,1.0548e-07,6.5694e-08,6.5997e-08,6.5995e-08,6.5782e-08,0.96,2021/05/06 22:02:35,0.32,6069,8447,3.1766e-02,46.007,20,0.000,-3.2289e-13,-1.4841e-13,-1.6381e-13,-8.3304e-14,4.7064e-14,7.8482e-12,21.00,21.00,72.14,4.28184e-08,4.26069e-08,1.20293e-02,4.2376e-03,4.9523e-05,4.7305e-06,8.0138e-08,1.1972e-02,4.2056e-03,4.8933e-05,4.6611e-06,8.1168e-08,4.8190,7.6081,12.0421,14.8984,-8.4315,1.9756,0.0010,0,60,1.6608,0.0016,0,60,-0.4431,-0.3700,-28.0865,
C:\Nu Stable\Results\2021\20210505 clumped dolomite apatite calibration 5 NTA,20210505 clumped dolomite apatite calibration 5 NTA,Data_13564 BONI_150_A4.txt,BONI_150_A4,C:\Nu Stable\Analyses\DI\CO2 20-6-20 clumped NuCarb.rdf,Clumped CO2 Iterative,2021/05/05 21:37:35,2021/05/07 00:29:06,496,12,2.0979e-07,4.229689E-10,CF,30.365,3.106e-02,1,3.2488e-02,14816, InitialisePrepSampleRun; CheckIfCFRequired; UseCF; SampleTrapped; Chop_CF_SamSub; SampleTrapped; BalanceRefToSamValue; DepletingBalance; SampleReady;,4.0777e-08,1.0601e-07,8.6767e-08,8.7457e-08,8.7430e-08,8.7139e-08,0.96,2021/05/07 00:28:21,0.33,4942,8446,3.1060e-02,46.011,20,0.000,-3.2151e-13,-1.4799e-13,-1.6325e-13,-8.0622e-14,5.0944e-14,7.9921e-12,22.00,23.00,72.14,5.45328e-08,5.43576e-08,1.14374e-02,4.1570e-03,4.6107e-05,4.5468e-06,6.4198e-08,1.1972e-02,4.2058e-03,4.8918e-05,4.6538e-06,6.9686e-08,-44.6912,-11.6095,-57.4574,-22.9778,-77.4924,-50.0494,0.0012,0,60,-17.3564,0.0019,0,60,-0.5406,0.1087,-8.9819,
C:\Nu Stable\Results\2021\20210505 clumped dolomite apatite calibration 5 NTA,20210505 clumped dolomite apatite calibration 5 NTA,Data_13565 BONI_200_A1.txt,BONI_200_A1,C:\Nu Stable\Analyses\DI\CO2 20-6-20 clumped NuCarb.rdf,Clumped CO2 Iterative,2021/05/05 21:37:35,2021/05/07 02:56:04,465,13,1.8641e-07,4.008726E-10,CF,27.435,3.106e-02,1,3.0369e-02,14784, InitialisePrepSampleRun; CheckIfCFRequired; UseCF; SampleTrapped; Chop_CF_SamSub; SampleTrapped; BalanceRefToSamValue; DepletingBalance; SampleReady;,3.9871e-08,1.0620e-07,7.7583e-08,7.7803e-08,7.7757e-08,7.7516e-08,0.96,2021/05/07 02:55:19,0.31,5256,8446,3.1060e-02,46.007,20,0.000,-3.2024e-13,-1.4710e-13,-1.6233e-13,-8.1223e-14,5.0604e-14,7.9367e-12,21.00,22.00,72.14,4.93630e-08,4.91473e-08,1.15353e-02,4.1532e-03,4.6453e-05,4.5175e-06,2.9808e-08,1.1972e-02,4.2055e-03,4.8894e-05,4.6324e-06,3.4002e-08,-36.4643,-12.4504,-49.9226,-24.8073,-391.0269,-41.2645,0.0009,0,60,-18.2111,0.0017,0,60,-0.5875,-0.0634,-350.6454,
C:\Nu Stable\Results\2021\20210505 clumped dolomite apatite calibration 5 NTA,20210505 clumped dolomite apatite calibration 5 NTA,Data_13566 ETH-2.txt,ETH-2,C:\Nu Stable\Analyses\DI\CO2 20-6-20 clumped NuCarb.rdf,Clumped CO2 Iterative,2021/05/05 21:37:35,2021/05/07 05:22:57,447,14,1.5260e-07,3.41398E-10,CF,23.315,3.106e-02,1,3.2488e-02,14784, InitialisePrepSampleRun; CheckIfCFRequired; UseCF; SampleTrapped; Chop_CF_SamSub; SampleTrapped; BalanceRefToSamValue; DepletingBalance; SampleReady;,3.8988e-08,1.0562e-07,6.3840e-08,6.4143e-08,6.4124e-08,6.3926e-08,0.96,2021/05/07 05:22:11,0.31,5920,8446,3.1060e-02,46.007,20,0.000,-3.2190e-13,-1.4820e-13,-1.6327e-13,-8.3689e-14,4.7135e-14,7.6094e-12,21.00,21.00,72.14,4.17974e-08,4.15623e-08,1.18869e-02,4.1837e-03,4.8272e-05,4.5925e-06,3.6466e-08,1.1972e-02,4.2055e-03,4.8909e-05,4.6409e-06,3.8500e-08,-7.0912,-5.1879,-13.0239,-10.4268,-116.0425,-10.2566,0.0009,0,60,-11.0473,0.0013,0,60,-0.6562,-0.0788,-100.1683,
C:\Nu Stable\Results\2021\20210505 clumped dolomite apatite calibration 5 NTA,20210505 clumped dolomite apatite calibration 5 NTA,Data_13567 ETH-4.txt,ETH-4,C:\Nu Stable\Analyses\DI\CO2 20-6-20 clumped NuCarb.rdf,Clumped CO2 Iterative,2021/05/05 21:37:35,2021/05/07 07:49:21,446,15,1.6712e-07,3.747005E-10,CF,25.268,3.106e-02,1,3.0369e-02,14784, InitialisePrepSampleRun; CheckIfCFRequired; UseCF; SampleTrapped; Chop_CF_SamSub; SampleTrapped; BalanceRefToSamValue; DepletingBalance; SampleReady;,3.8337e-08,1.0568e-07,6.9566e-08,6.9860e-08,6.9827e-08,6.9601e-08,0.96,2021/05/07 07:48:35,0.32,5505,8446,3.1060e-02,46.009,20,0.000,-3.2248e-13,-1.4864e-13,-1.6363e-13,-8.3619e-14,4.7028e-14,7.6720e-12,21.00,21.00,72.14,4.50380e-08,4.48117e-08,1.18857e-02,4.1832e-03,4.8284e-05,4.6060e-06,7.4379e-08,1.1972e-02,4.2056e-03,4.8922e-05,4.6558e-06,7.6284e-08,-7.2068,-5.3324,-13.0419,-10.6822,-23.8320,-10.3746,0.0008,0,60,-11.1908,0.0013,0,60,-0.4116,-0.0464,-5.8941,
C:\Nu Stable\Results\2021\20210505 clumped dolomite apatite calibration 5 NTA,20210505 clumped dolomite apatite calibration 5 NTA,Data_13569 85_DOL_12WK_200C.txt,85_DOL_12WK_200C,C:\Nu Stable\Analyses\DI\CO2 20-6-20 clumped NuCarb.rdf,Clumped CO2 Iterative,2021/05/07 14:00:12,2021/05/07 14:00:12,415,17,1.4079e-07,3.392512E-10,CF,21.393,3.106e-02,1,3.3983e-02,14880, InitialisePrepSampleRun; CheckIfCFRequired; UseCF; SampleTrapped; Chop_CF_SamSub; SampleTrapped; BalanceRefToSamValue; DepletingBalance; SampleReady;,3.7591e-08,1.0559e-07,5.9070e-08,5.9334e-08,5.9311e-08,5.9180e-08,0.96,2021/05/07 13:59:26,0.22,6076,8448,3.1060e-02,46.009,20,0.000,-3.1001e-13,-1.4307e-13,-1.5723e-13,-8.1148e-14,4.5598e-14,7.0927e-12,20.00,21.00,72.15,3.90915e-08,3.88527e-08,1.19133e-02,4.1608e-03,4.8133e-05,4.5516e-06,5.7208e-08,1.1971e-02,4.2048e-03,4.8900e-05,4.6473e-06,5.9130e-08,-4.7906,-10.4723,-15.6908,-20.6187,-34.1996,-7.6242,0.0010,0,60,-16.3111,0.0016,0,60,-0.5042,0.2209,-8.9396,
C:\Nu Stable\Results\2021\20210505 clumped dolomite apatite calibration 5 NTA,20210505 clumped dolomite apatite calibration 5 NTA,Data_13570 BONI_150_A4.txt,BONI_150_A4,C:\Nu Stable\Analyses\DI\CO2 20-6-20 clumped NuCarb.rdf,Clumped CO2 Iterative,2021/05/07 14:00:12,2021/05/07 16:26:50,489,18,2.0025e-07,4.095001E-10,CF,29.083,3.037e-02,1,3.1060e-02,14752, InitialisePrepSampleRun; CheckIfCFRequired; UseCF; SampleTrapped; Chop_CF_SamSub; SampleTrapped; BalanceRefToSamValue; DepletingBalance; SampleReady;,3.6894e-08,1.0615e-07,8.3003e-08,8.2342e-08,8.2288e-08,8.2100e-08,0.96,2021/05/07 16:26:05,0.23,4793,8447,3.0369e-02,46.009,20,0.000,-3.1152e-13,-1.4370e-13,-1.5798e-13,-7.7493e-14,5.4056e-14,7.8419e-12,22.00,22.00,72.19,5.18648e-08,5.15909e-08,1.14363e-02,4.1564e-03,4.6079e-05,4.5318e-06,4.6462e-08,1.1972e-02,4.2052e-03,4.8892e-05,4.6385e-06,5.1879e-08,-44.7106,-11.6085,-57.5193,-23.0038,-104.4437,-50.0702,0.0010,0,60,-17.3554,0.0016,0,60,-0.5863,0.0799,-37.9160,
C:\Nu Stable\Results\2021\20210505 clumped dolomite apatite calibration 5 NTA,20210505 clumped dolomite apatite calibration 5 NTA,Data_13571 ETH-1.txt,ETH-1,C:\Nu Stable\Analyses\DI\CO2 20-6-20 clumped NuCarb.rdf,Clumped CO2 Iterative,2021/05/07 14:00:12,2021/05/07 18:53:06,428,19,1.4711e-07,3.437252E-10,CF,22.064,3.037e-02,1,3.1766e-02,14752, InitialisePrepSampleRun; CheckIfCFRequired; UseCF; SampleTrapped; Chop_CF_SamSub; SampleTrapped; BalanceRefToSamValue; DepletingBalance; SampleReady;,3.6083e-08,1.0541e-07,6.1837e-08,6.2124e-08,6.2087e-08,6.1911e-08,0.96,2021/05/07 18:52:21,0.29,5714,8444,3.0369e-02,46.009,20,0.000,-3.1160e-13,-1.4390e-13,-1.5832e-13,-7.9599e-14,4.9084e-14,7.4449e-12,20.00,21.00,72.19,4.06520e-08,4.04099e-08,1.20283e-02,4.2531e-03,4.9671e-05,4.7457e-06,4.5991e-08,1.1971e-02,4.2052e-03,4.8913e-05,4.6408e-06,4.6735e-08,4.7873,11.3869,15.5121,22.5883,-17.2704,1.8114,0.0012,0,60,5.4214,0.0016,0,60,-0.6717,-0.3081,-43.7856,
C:\Nu Stable\Results\2021\20210505 clumped dolomite apatite calibration 5 NTA,20210505 clumped dolomite apatite calibration 5 NTA,Data_13572 ETH-2.txt,ETH-2,C:\Nu Stable\Analyses\DI\CO2 20-6-20 clumped NuCarb.rdf,Clumped CO2 Iterative,2021/05/07 14:00:12,2021/05/07 21:19:43,469,20,1.6680e-07,3.556534E-10,CF,25.238,3.037e-02,1,3.1766e-02,14784, InitialisePrepSampleRun; CheckIfCFRequired; UseCF; SampleTrapped; Chop_CF_SamSub; SampleTrapped; BalanceRefToSamValue; DepletingBalance; SampleReady;,3.5350e-08,1.0605e-07,6.9443e-08,6.9642e-08,6.9569e-08,6.9434e-08,0.96,2021/05/07 21:18:57,0.20,5210,8449,3.0369e-02,46.013,20,0.000,-3.1072e-13,-1.4359e-13,-1.5754e-13,-7.8676e-14,5.0908e-14,7.5772e-12,21.00,21.00,71.68,4.48949e-08,4.46490e-08,1.18865e-02,4.1834e-03,4.8278e-05,4.6044e-06,7.2423e-08,1.1971e-02,4.2051e-03,4.8913e-05,4.6522e-06,7.5335e-08,-7.0697,-5.1662,-12.9750,-10.2921,-37.6971,-10.2345,0.0008,0,60,-11.0257,0.0013,0,60,-0.6504,0.0136,-20.4799,
C:\Nu Stable\Results\2021\20210505 clumped dolomite apatite calibration 5 NTA,20210505 clumped dolomite apatite calibration 5 NTA,Data_13573 RODOLO.txt,RODOLO,C:\Nu Stable\Analyses\DI\CO2 20-6-20 clumped NuCarb.rdf,Clumped CO2 Iterative,2021/05/07 14:00:12,2021/05/07 23:46:30,469,21,1.7733e-07,3.781103E-10,CF,26.398,3.106e-02,1,3.1766e-02,14816, InitialisePrepSampleRun; CheckIfCFRequired; UseCF; SampleTrapped; Chop_CF_SamSub; SampleTrapped; BalanceRefToSamValue; DepletingBalance; SampleReady;,4.1616e-08,1.0567e-07,7.3682e-08,7.3928e-08,7.3864e-08,7.3704e-08,0.96,2021/05/07 23:45:44,0.22,5619,8450,3.1060e-02,46.013,20,0.000,-3.1081e-13,-1.4370e-13,-1.5762e-13,-7.6661e-14,5.5647e-14,7.8902e-12,21.00,22.00,72.18,4.72787e-08,4.70607e-08,1.19669e-02,4.2790e-03,4.9725e-05,4.8158e-06,7.4196e-08,1.1971e-02,4.2054e-03,4.8916e-05,4.6538e-06,7.4099e-08,-0.3727,17.4885,16.5423,34.7952,2.4615,-3.8904,0.0009,0,60,11.5048,0.0022,0,60,-0.2709,-0.4711,-30.7663,
C:\Nu Stable\Results\2021\20210505 clumped dolomite apatite calibration 5 NTA,20210505 clumped dolomite apatite calibration 5 NTA,Data_13574 BONI_200_A1.txt,BONI_200_A1,C:\Nu Stable\Analyses\DI\CO2 20-6-20 clumped NuCarb.rdf,Clumped CO2 Iterative,2021/05/07 14:00:12,2021/05/08 02:55:56,470,22,1.9002e-07,4.043006E-10,CF,27.527,3.106e-02,1,3.1060e-02,14752, InitialisePrepSampleRun; CheckIfCFRequired; UseCF; SampleTrapped; Chop_CF_SamSub; SampleTrapped; BalanceRefToSamValue; DepletingBalance; SampleReady;,4.0795e-08,1.0601e-07,7.8608e-08,7.8750e-08,7.8681e-08,7.8511e-08,0.96,2021/05/08 02:55:11,0.22,5292,8447,3.1060e-02,46.009,20,0.000,-3.0960e-13,-1.4322e-13,-1.5691e-13,-7.7342e-14,5.3036e-14,7.7140e-12,21.00,22.00,72.18,4.99225e-08,4.96539e-08,1.15347e-02,4.1528e-03,4.6464e-05,4.5414e-06,7.8557e-08,1.1971e-02,4.2051e-03,4.8903e-05,4.6556e-06,8.2396e-08,-36.4624,-12.4369,-49.8870,-24.5272,-45.5158,-41.2629,0.0009,0,60,-18.1977,0.0020,0,60,-0.5654,0.1965,17.7141,
C:\Nu Stable\Results\2021\20210505 clumped dolomite apatite calibration 5 NTA,20210505 clumped dolomite apatite calibration 5 NTA,Data_13575 BONI_300_A2.txt,BONI_300_A2,C:\Nu Stable\Analyses\DI\CO2 20-6-20 clumped NuCarb.rdf,Clumped CO2 Iterative,2021/05/07 14:00:12,2021/05/08 05:22:06,452,23,1.7218e-07,3.809307E-10,CF,25.818,3.106e-02,1,3.1766e-02,14816, InitialisePrepSampleRun; CheckIfCFRequired; UseCF; SampleTrapped; Chop_CF_SamSub; SampleTrapped; BalanceRefToSamValue; DepletingBalance; SampleReady;,3.9843e-08,1.0552e-07,7.1537e-08,7.1779e-08,7.1730e-08,7.1572e-08,0.96,2021/05/08 05:21:21,0.22,5554,8448,3.1060e-02,46.011,20,0.000,-3.0503e-13,-1.4130e-13,-1.5484e-13,-7.5594e-14,5.5522e-14,7.7158e-12,21.00,22.00,72.18,4.61106e-08,4.58406e-08,1.15184e-02,4.1252e-03,4.6089e-05,4.4698e-06,4.6477e-08,1.1971e-02,4.2048e-03,4.8897e-05,4.6430e-06,5.2012e-08,-37.7808,-18.9275,-57.4062,-37.3091,-113.9277,-42.4393,0.0009,0,60,-24.6541,0.0022,0,60,-0.6110,0.1947,-41.5002,
C:\Nu Stable\Results\2021\20210505 clumped dolomite apatite calibration 5 NTA,20210505 clumped dolomite apatite calibration 5 NTA,Data_13576 ETH-3.txt,ETH-3,C:\Nu Stable\Analyses\DI\CO2 20-6-20 clumped NuCarb.rdf,Clumped CO2 Iterative,2021/05/07 14:00:12,2021/05/08 07:49:02,441,24,1.1712e-07,2.655711E-10,CF,17.975,3.106e-02,1,3.1766e-02,14752, InitialisePrepSampleRun; CheckIfCFRequired; UseCF; SampleTrapped; Chop_CF_SamSub; SampleTrapped; BalanceRefToSamValue; DepletingBalance; SampleReady;,3.9106e-08,1.0578e-07,4.9811e-08,5.0036e-08,5.0004e-08,4.9912e-08,0.96,2021/05/08 07:48:17,0.18,7050,8448,3.1060e-02,46.011,20,0.000,-3.0455e-13,-1.4119e-13,-1.5461e-13,-7.8192e-14,4.9532e-14,7.1535e-12,20.00,20.00,72.18,3.36079e-08,3.33574e-08,1.20239e-02,4.2548e-03,4.9733e-05,4.7807e-06,9.1482e-08,1.1970e-02,4.2047e-03,4.8943e-05,4.6709e-06,9.1379e-08,4.5168,11.8951,16.1436,23.4967,3.8496,1.5060,0.0010,0,60,5.9277,0.0020,0,60,-0.2672,-0.4248,-23.9207,
C:\Nu Stable\Results\2021\20210505 clumped dolomite apatite calibration 5 NTA,20210505 clumped dolomite apatite calibration 5 NTA,Data_13577 ETH-4.txt,ETH-4,C:\Nu Stable\Analyses\DI\CO2 20-6-20 clumped NuCarb.rdf,Clumped CO2 Iterative,2021/05/07 14:00:12,2021/05/08 10:15:16,467,25,1.7818e-07,3.815349E-10,CF,26.459,3.106e-02,1,3.2488e-02,14784, InitialisePrepSampleRun; CheckIfCFRequired; UseCF; SampleTrapped; Chop_CF_SamSub; SampleTrapped; BalanceRefToSamValue; DepletingBalance; SampleReady;,3.8507e-08,1.0577e-07,7.3921e-08,7.4122e-08,7.4053e-08,7.3892e-08,0.96,2021/05/08 10:14:31,0.22,5294,8448,3.1060e-02,46.011,20,0.000,-3.0356e-13,-1.4076e-13,-1.5401e-13,-7.5093e-14,5.6398e-14,7.7257e-12,21.00,22.00,72.18,4.73920e-08,4.71491e-08,1.18848e-02,4.1826e-03,4.8263e-05,4.5990e-06,5.5231e-08,1.1971e-02,4.2049e-03,4.8900e-05,4.6483e-06,5.7931e-08,-7.1908,-5.3230,-13.0201,-10.6020,-46.9408,-10.3579,0.0009,0,60,-11.1816,0.0012,0,60,-0.4154,0.0159,-29.4621,
C:\Nu Stable\Results\2021\20210505 clumped dolomite apatite calibration 5 NTA,20210505 clumped dolomite apatite calibration 5 NTA,Data_13578 MERCK.txt,MERCK,C:\Nu Stable\Analyses\DI\CO2 20-6-20 clumped NuCarb.rdf,Clumped CO2 Iterative,2021/05/07 14:00:12,2021/05/08 12:41:26,486,26,1.8384e-07,3.782777E-10,CF,27.252,3.037e-02,1,3.2488e-02,14784, InitialisePrepSampleRun; CheckIfCFRequired; UseCF; SampleTrapped; Chop_CF_SamSub; SampleTrapped; BalanceRefToSamValue; DepletingBalance; SampleReady;,3.7652e-08,1.0560e-07,7.6366e-08,7.6946e-08,7.6883e-08,7.6726e-08,0.96,2021/05/08 12:40:41,0.20,5095,8448,3.0369e-02,46.009,20,0.000,-3.0079e-13,-1.3942e-13,-1.5255e-13,-7.3181e-14,5.8562e-14,7.6398e-12,21.00,22.00,71.82,4.89601e-08,4.87185e-08,1.15291e-02,4.1955e-03,4.6914e-05,4.6238e-06,5.2425e-08,1.1970e-02,4.2049e-03,4.8889e-05,4.6446e-06,5.5798e-08,-36.8345,-2.2138,-40.3993,-4.4757,-63.8601,-42.0147,0.0451,0,60,-8.0228,0.0028,0,60,-0.3618,-0.0536,-21.4494,
C:\Nu Stable\Results\2021\20210505 clumped dolomite apatite calibration 5 NTA,20210505 clumped dolomite apatite calibration 5 NTA,Data_13579 85_DOL_12WK_220C.txt,85_DOL_12WK_220C,C:\Nu Stable\Analyses\DI\CO2 20-6-20 clumped NuCarb.rdf,Clumped CO2 Iterative,2021/05/07 14:00:12,2021/05/08 15:07:45,500,27,1.8018e-07,3.603557E-10,CF,25.848,3.037e-02,1,3.1060e-02,14816, InitialisePrepSampleRun; CheckIfCFRequired; UseCF; SampleTrapped; Chop_CF_SamSub; SampleTrapped; BalanceRefToSamValue; DepletingBalance; SampleReady;,3.6963e-08,1.0605e-07,7.4601e-08,7.5177e-08,7.5166e-08,7.4914e-08,0.96,2021/05/08 15:06:59,0.34,5100,8448,3.0369e-02,46.009,20,0.000,-3.0055e-13,-1.3917e-13,-1.5238e-13,-7.3446e-14,5.8311e-14,7.7185e-12,21.00,22.00,71.68,4.79653e-08,4.77403e-08,1.19135e-02,4.1611e-03,4.8141e-05,4.5560e-06,7.6533e-08,1.1971e-02,4.2047e-03,4.8905e-05,4.6515e-06,7.9087e-08,-4.7669,-10.3860,-15.6112,-20.5455,-33.1153,-7.6020,0.0009,0,60,-16.2253,0.0015,0,60,-0.5338,0.1212,-8.0223,
C:\Nu Stable\Results\2021\20210505 clumped dolomite apatite calibration 5 NTA,20210505 clumped dolomite apatite calibration 5 NTA,Data_13580 86_DOL_12WK_220C.txt,86_DOL_12WK_220C,C:\Nu Stable\Analyses\DI\CO2 20-6-20 clumped NuCarb.rdf,Clumped CO2 Iterative,2021/05/07 14:00:12,2021/05/08 17:34:17,427,28,1.6150e-07,3.782204E-10,CF,24.170,3.037e-02,1,3.1766e-02,14752, InitialisePrepSampleRun; CheckIfCFRequired; UseCF; SampleTrapped; Chop_CF_SamSub; SampleTrapped; BalanceRefToSamValue; DepletingBalance; SampleReady;,3.6139e-08,1.0566e-07,6.7267e-08,6.7472e-08,6.7427e-08,6.7283e-08,0.96,2021/05/08 17:33:32,0.21,5399,8448,3.0369e-02,46.009,20,0.000,-2.9422e-13,-1.3641e-13,-1.4909e-13,-7.1400e-14,5.9617e-14,7.4771e-12,21.00,21.00,71.68,4.37065e-08,4.34333e-08,1.19130e-02,4.1609e-03,4.8132e-05,4.5481e-06,5.8163e-08,1.1970e-02,4.2044e-03,4.8895e-05,4.6440e-06,6.0508e-08,-4.7483,-10.3398,-15.6037,-20.6463,-39.4244,-7.5838,0.0009,0,60,-16.1793,0.0015,0,60,-0.5913,-0.0751,-14.6054,
C:\Nu Stable\Results\2021\20210505 clumped dolomite apatite calibration 5 NTA,20210505 clumped dolomite apatite calibration 5 NTA,Data_13581 14_DOL_2_4WK_140C.txt,14_DOL_2_4WK_140C,C:\Nu Stable\Analyses\DI\CO2 20-6-20 clumped NuCarb.rdf,Clumped CO2 Iterative,2021/05/07 14:00:12,2021/05/08 20:00:47,495,29,1.9662e-07,3.972111E-10,CF,28.747,3.037e-02,1,3.1060e-02,14752, InitialisePrepSampleRun; CheckIfCFRequired; UseCF; SampleTrapped; Chop_CF_SamSub; SampleTrapped; BalanceRefToSamValue; DepletingBalance; SampleReady;,3.5328e-08,1.0610e-07,8.1354e-08,8.1300e-08,8.1252e-08,8.1075e-08,0.96,2021/05/08 20:00:02,0.22,4693,8448,3.0369e-02,46.013,20,0.000,-2.9422e-13,-1.3657e-13,-1.4935e-13,-6.9891e-14,6.3461e-14,7.7641e-12,22.00,22.00,71.68,5.13185e-08,5.10447e-08,1.19162e-02,4.1769e-03,4.8320e-05,4.5757e-06,3.2953e-08,1.1971e-02,4.2048e-03,4.8891e-05,4.6377e-06,3.5662e-08,-4.5478,-6.6319,-11.6780,-13.3589,-112.8842,-7.4995,0.0009,0,60,-12.4898,0.0016,0,60,-0.5000,-0.1410,-96.8262,
C:\Nu Stable\Results\2021\20210505 clumped dolomite apatite calibration 5 NTA,20210505 clumped dolomite apatite calibration 5 NTA,Data_13582 ETH-1.txt,ETH-1,C:\Nu Stable\Analyses\DI\CO2 20-6-20 clumped NuCarb.rdf,Clumped CO2 Iterative,2021/05/07 14:00:12,2021/05/08 22:27:18,443,30,1.4998e-07,3.385646E-10,CF,23.132,3.037e-02,1,3.0369e-02,14752, InitialisePrepSampleRun; CheckIfCFRequired; UseCF; SampleTrapped; Chop_CF_SamSub; SampleTrapped; BalanceRefToSamValue; DepletingBalance; SampleReady;,3.4654e-08,1.0527e-07,6.2934e-08,6.3147e-08,6.3103e-08,6.2964e-08,0.96,2021/05/08 22:26:32,0.22,5483,8448,3.0369e-02,46.011,20,0.000,-2.9459e-13,-1.3670e-13,-1.4944e-13,-7.2282e-14,5.8043e-14,7.4610e-12,20.00,21.00,71.68,4.12453e-08,4.09998e-08,1.20272e-02,4.2526e-03,4.9666e-05,4.7516e-06,5.8097e-08,1.1970e-02,4.2045e-03,4.8906e-05,4.6469e-06,5.8786e-08,4.8092,11.4178,15.5523,22.5216,-13.2483,1.8336,0.0011,0,60,5.4521,0.0020,0,60,-0.6846,-0.4344,-39.9519,
C:\Nu Stable\Results\2021\20210505 clumped dolomite apatite calibration 5 NTA,20210505 clumped dolomite apatite calibration 5 NTA,Data_13583 ETH-3.txt,ETH-3,C:\Nu Stable\Analyses\DI\CO2 20-6-20 clumped NuCarb.rdf,Clumped CO2 Iterative,2021/05/07 14:00:12,2021/05/09 01:36:52,447,31,1.5484e-07,3.463927E-10,CF,23.315,3.037e-02,1,3.1060e-02,14752, InitialisePrepSampleRun; CheckIfCFRequired; UseCF; SampleTrapped; Chop_CF_SamSub; SampleTrapped; BalanceRefToSamValue; DepletingBalance; SampleReady;,4.1231e-08,1.0623e-07,6.4651e-08,6.4950e-08,6.4902e-08,6.4790e-08,0.96,2021/05/09 01:36:07,0.17,6098,8448,3.0369e-02,46.007,20,0.000,-2.9324e-13,-1.3621e-13,-1.4877e-13,-7.1785e-14,5.8365e-14,7.3788e-12,21.00,21.00,71.68,4.22885e-08,4.20153e-08,1.20242e-02,4.2547e-03,4.9686e-05,4.7510e-06,4.6675e-08,1.1970e-02,4.2045e-03,4.8895e-05,4.6412e-06,4.7152e-08,4.5501,11.9416,16.2016,23.6590,-10.5093,1.5398,0.0010,0,60,5.9739,0.0018,0,60,-0.2894,-0.3581,-38.0034,
C:\Nu Stable\Results\2021\20210505 clumped dolomite apatite calibration 5 NTA,20210505 clumped dolomite apatite calibration 5 NTA,Data_13584 SRM-88b.txt,SRM-88b,C:\Nu Stable\Analyses\DI\CO2 20-6-20 clumped NuCarb.rdf,Clumped CO2 Iterative,2021/05/07 14:00:12,2021/05/09 04:02:58,496,32,1.7936e-07,3.616055E-10,CF,26.550,3.106e-02,1,3.1060e-02,14848, InitialisePrepSampleRun; CheckIfCFRequired; UseCF; SampleTrapped; Chop_CF_SamSub; SampleTrapped; BalanceRefToSamValue; DepletingBalance; SampleReady;,4.0492e-08,1.0580e-07,7.4551e-08,7.4765e-08,7.4712e-08,7.4513e-08,0.96,2021/05/09 04:02:12,0.27,5463,8448,3.1060e-02,46.009,20,0.000,-2.9278e-13,-1.3619e-13,-1.4888e-13,-7.0041e-14,6.1905e-14,7.6854e-12,21.00,22.00,71.68,4.77931e-08,4.75399e-08,1.20274e-02,4.2362e-03,4.9483e-05,4.7154e-06,5.5305e-08,1.1970e-02,4.2046e-03,4.8900e-05,4.6471e-06,5.6093e-08,4.7830,7.5050,11.9255,14.7043,-20.1570,1.9409,0.0296,0,60,1.5583,0.0626,0,60,-0.4212,-0.3573,-39.3439,
C:\Nu Stable\Results\2021\20210505 clumped dolomite apatite calibration 5 NTA,20210505 clumped dolomite apatite calibration 5 NTA,Data_13585 BONI_150_A4.txt,BONI_150_A4,C:\Nu Stable\Analyses\DI\CO2 20-6-20 clumped NuCarb.rdf,Clumped CO2 Iterative,2021/05/07 14:00:12,2021/05/09 06:29:29,427,33,1.6143e-07,3.780526E-10,CF,23.804,3.106e-02,1,3.1766e-02,14784, InitialisePrepSampleRun; CheckIfCFRequired; UseCF; SampleTrapped; Chop_CF_SamSub; SampleTrapped; BalanceRefToSamValue; DepletingBalance; SampleReady;,3.9645e-08,1.0569e-07,6.7306e-08,6.7569e-08,6.7523e-08,6.7382e-08,0.96,2021/05/09 06:28:43,0.21,5774,8446,3.1060e-02,46.009,20,0.000,-2.9286e-13,-1.3608e-13,-1.4878e-13,-7.0794e-14,5.9795e-14,7.6577e-12,21.00,21.00,71.68,4.37429e-08,4.34764e-08,1.14348e-02,4.1554e-03,4.6098e-05,4.5453e-06,6.9766e-08,1.1969e-02,4.2042e-03,4.8907e-05,4.6522e-06,7.4875e-08,-44.6521,-11.6041,-57.4257,-22.9986,-69.6369,-50.0080,0.0012,0,60,-17.3511,0.0016,0,60,-0.5545,0.0764,-0.5980,
C:\Nu Stable\Results\2021\20210505 clumped dolomite apatite calibration 5 NTA,20210505 clumped dolomite apatite calibration 5 NTA,Data_13586 BONI_200_A1.txt,BONI_200_A1,C:\Nu Stable\Analyses\DI\CO2 20-6-20 clumped NuCarb.rdf,Clumped CO2 Iterative,2021/05/07 14:00:12,2021/05/09 08:55:52,514,34,2.1730e-07,4.2277E-10,CF,30.823,3.106e-02,1,3.0369e-02,14784, InitialisePrepSampleRun; CheckIfCFRequired; UseCF; SampleTrapped; Chop_CF_SamSub; SampleTrapped; BalanceRefToSamValue; DepletingBalance; SampleReady;,3.8917e-08,1.0548e-07,8.9517e-08,8.9428e-08,8.9372e-08,8.9105e-08,0.96,2021/05/09 08:55:07,0.30,4714,8446,3.1060e-02,46.011,20,0.000,-2.9253e-13,-1.3583e-13,-1.4864e-13,-6.7830e-14,6.5339e-14,7.9787e-12,22.00,23.00,71.68,5.55978e-08,5.53510e-08,1.15338e-02,4.1524e-03,4.6458e-05,4.5333e-06,6.4051e-08,1.1970e-02,4.2046e-03,4.8897e-05,4.6475e-06,6.8423e-08,-36.4659,-12.4080,-49.8729,-24.5823,-63.1832,-41.2677,0.0010,0,60,-18.1689,0.0019,0,60,-0.5757,0.0815,-1.1772,
C:\Nu Stable\Results\2021\20210505 clumped dolomite apatite calibration 5 NTA,20210505 clumped dolomite apatite calibration 5 NTA,Data_13587 ETH-4.txt,ETH-4,C:\Nu Stable\Analyses\DI\CO2 20-6-20 clumped NuCarb.rdf,Clumped CO2 Iterative,2021/05/07 14:00:12,2021/05/09 11:21:50,499,35,1.9474e-07,3.902582E-10,CF,28.412,3.106e-02,1,3.1060e-02,14784, InitialisePrepSampleRun; CheckIfCFRequired; UseCF; SampleTrapped; Chop_CF_SamSub; SampleTrapped; BalanceRefToSamValue; DepletingBalance; SampleReady;,3.8054e-08,1.0552e-07,8.0591e-08,8.1208e-08,8.1177e-08,8.0938e-08,0.96,2021/05/09 11:21:04,0.29,4941,8446,3.1060e-02,46.011,20,0.000,-2.9202e-13,-1.3530e-13,-1.4811e-13,-6.8382e-14,6.4087e-14,7.8070e-12,22.00,22.00,71.68,5.12334e-08,5.10094e-08,1.18836e-02,4.1822e-03,4.8253e-05,4.5892e-06,5.5189e-08,1.1970e-02,4.2045e-03,4.8891e-05,4.6381e-06,5.7548e-08,-7.2107,-5.3040,-13.0483,-10.5534,-41.0286,-10.3797,0.0008,0,60,-11.1625,0.0013,0,60,-0.4421,0.0266,-23.4575,
C:\Nu Stable\Results\2021\20210505 clumped dolomite apatite calibration 5 NTA,20210505 clumped dolomite apatite calibration 5 NTA,Data_13588 ETH-2.txt,ETH-2,C:\Nu Stable\Analyses\DI\CO2 20-6-20 clumped NuCarb.rdf,Clumped CO2 Iterative,2021/05/07 14:00:12,2021/05/09 13:49:00,422,36,1.4230e-07,3.372148E-10,CF,21.210,3.106e-02,1,3.1766e-02,14816, InitialisePrepSampleRun; CheckIfCFRequired; UseCF; SampleTrapped; Chop_CF_SamSub; SampleTrapped; BalanceRefToSamValue; DepletingBalance; SampleReady;,3.7166e-08,1.0598e-07,5.9791e-08,6.0081e-08,6.0038e-08,5.9875e-08,0.96,2021/05/09 13:48:14,0.27,5976,8444,3.1060e-02,46.007,20,0.000,-2.9126e-13,-1.3544e-13,-1.4783e-13,-7.0984e-14,5.8115e-14,7.4753e-12,20.00,21.00,71.68,3.94869e-08,3.92619e-08,1.18840e-02,4.1822e-03,4.8255e-05,4.5881e-06,3.6840e-08,1.1969e-02,4.2041e-03,4.8891e-05,4.6365e-06,3.9090e-08,-7.1008,-5.2075,-13.0207,-10.4418,-81.8361,-10.2661,0.0009,0,60,-11.0668,0.0013,0,60,-0.6236,-0.0545,-65.3003,
C:\Nu Stable\Results\2021\20210505 clumped dolomite apatite calibration 5 NTA,20210505 clumped dolomite apatite calibration 5 NTA,Data_13589 IAEA-C2.txt,IAEA-C2,C:\Nu Stable\Analyses\DI\CO2 20-6-20 clumped NuCarb.rdf,Clumped CO2 Iterative,2021/05/07 14:00:12,2021/05/09 16:15:04,482,37,1.7813e-07,3.695717E-10,CF,26.062,3.106e-02,1,3.2488e-02,14816, InitialisePrepSampleRun; CheckIfCFRequired; UseCF; SampleTrapped; Chop_CF_SamSub; SampleTrapped; BalanceRefToSamValue; DepletingBalance; SampleReady;,3.6468e-08,1.0543e-07,7.3990e-08,7.4562e-08,7.4499e-08,7.4306e-08,0.96,2021/05/09 16:14:18,0.26,5086,8450,3.1060e-02,46.011,20,0.000,-2.9088e-13,-1.3551e-13,-1.4780e-13,-6.9434e-14,6.1476e-14,7.6264e-12,21.00,22.00,71.68,4.76256e-08,4.73854e-08,1.19122e-02,4.2232e-03,4.8859e-05,4.6858e-06,5.4960e-08,1.1970e-02,4.2045e-03,4.8901e-05,4.6450e-06,5.6571e-08,-4.8091,4.4507,-0.8510,8.7946,-31.4002,-8.1621,0.0008,0,60,-1.4602,0.0014,0,60,-0.2541,-0.1256,-34.8914,
C:\Nu Stable\Results\2021\20210505 clumped dolomite apatite calibration 5 NTA,20210505 clumped dolomite apatite calibration 5 NTA,Data_13590 85_DOL_12WK_220C.txt,85_DOL_12WK_220C,C:\Nu Stable\Analyses\DI\CO2 20-6-20 clumped NuCarb.rdf,Clumped CO2 Iterative,2021/05/07 14:00:12,2021/05/09 18:42:29,514,38,1.9874e-07,3.866504E-10,CF,29.358,3.037e-02,1,3.1766e-02,14848, InitialisePrepSampleRun; CheckIfCFRequired; UseCF; SampleTrapped; Chop_CF_SamSub; SampleTrapped; BalanceRefToSamValue; DepletingBalance; SampleReady;,3.5734e-08,1.0607e-07,8.2048e-08,8.1956e-08,8.1907e-08,8.1680e-08,0.96,2021/05/09 18:41:43,0.28,4701,8449,3.0369e-02,46.011,20,0.000,-2.9109e-13,-1.3558e-13,-1.4776e-13,-6.8504e-14,6.4266e-14,7.7418e-12,22.00,22.00,71.68,5.16392e-08,5.13876e-08,1.19130e-02,4.1607e-03,4.8133e-05,4.5532e-06,6.7697e-08,1.1970e-02,4.2045e-03,4.8899e-05,4.6490e-06,7.0610e-08,-4.7597,-10.4223,-15.6657,-20.6190,-40.5417,-7.5930,0.0008,0,60,-16.2614,0.0016,0,60,-0.5605,0.1194,-15.5779,
C:\Nu Stable\Results\2021\20210505 clumped dolomite apatite calibration 5 NTA,20210505 clumped dolomite apatite calibration 5 NTA,Data_13591 14_DOL_2_4WK_140C.txt,14_DOL_2_4WK_140C,C:\Nu Stable\Analyses\DI\CO2 20-6-20 clumped NuCarb.rdf,Clumped CO2 Iterative,2021/05/07 14:00:12,2021/05/09 21:08:40,466,39,1.7822e-07,3.824419E-10,CF,26.489,3.106e-02,1,3.0369e-02,14784, InitialisePrepSampleRun; CheckIfCFRequired; UseCF; SampleTrapped; Chop_CF_SamSub; SampleTrapped; BalanceRefToSamValue; DepletingBalance; SampleReady;,3.4959e-08,1.0597e-07,7.4236e-08,7.4344e-08,7.4298e-08,7.4110e-08,0.96,2021/05/09 21:07:55,0.25,4936,8448,3.1060e-02,46.011,20,0.000,-2.9086e-13,-1.3541e-13,-1.4778e-13,-6.9408e-14,6.3086e-14,7.7471e-12,21.00,22.00,71.68,4.75127e-08,4.72917e-08,1.19158e-02,4.1769e-03,4.8345e-05,4.5895e-06,7.3235e-08,1.1970e-02,4.2045e-03,4.8909e-05,4.6495e-06,7.5233e-08,-4.5141,-6.5522,-11.5188,-12.9114,-25.3904,-7.4664,0.0073,0,60,-12.4106,0.0091,0,60,-0.4529,0.1520,-7.9437,
C:\Nu Stable\Results\2021\20210505 clumped dolomite apatite calibration 5 NTA,20210505 clumped dolomite apatite calibration 5 NTA,Data_13593 ETH-4.txt,ETH-4,C:\Nu Stable\Analyses\DI\CO2 20-6-20 clumped NuCarb.rdf,Clumped CO2 Iterative,2021/05/10 12:26:40,2021/05/10 12:26:40,496,41,1.8969e-07,3.824335E-10,CF,28.595,3.249e-02,1,3.3227e-02,14848, InitialisePrepSampleRun; CheckIfCFRequired; UseCF; SampleTrapped; Chop_CF_SamSub; SampleTrapped; BalanceRefToSamValue; DepletingBalance; SampleReady;,3.9062e-08,1.0590e-07,7.8741e-08,7.9343e-08,7.9303e-08,7.9118e-08,0.96,2021/05/10 12:25:55,0.23,5110,8448,3.2488e-02,46.011,20,0.000,-2.8150e-13,-1.3079e-13,-1.4297e-13,-6.6258e-14,6.5303e-14,7.3993e-12,22.00,22.00,71.76,5.02868e-08,5.00742e-08,1.18831e-02,4.1814e-03,4.8222e-05,4.5875e-06,3.7158e-08,1.1969e-02,4.2038e-03,4.8861e-05,4.6368e-06,3.9427e-08,-7.2173,-5.3486,-13.0709,-10.6452,-83.0677,-10.3851,0.0009,0,60,-11.2070,0.0014,0,60,-0.4141,0.0236,-66.1770,
C:\Nu Stable\Results\2021\20210505 clumped dolomite apatite calibration 5 NTA,20210505 clumped dolomite apatite calibration 5 NTA,Data_13594 ETH-3.txt,ETH-3,C:\Nu Stable\Analyses\DI\CO2 20-6-20 clumped NuCarb.rdf,Clumped CO2 Iterative,2021/05/10 12:26:40,2021/05/10 14:53:59,444,42,1.4801e-07,3.333667E-10,CF,22.217,3.177e-02,1,3.3983e-02,14848, InitialisePrepSampleRun; CheckIfCFRequired; UseCF; SampleTrapped; Chop_CF_SamSub; SampleTrapped; BalanceRefToSamValue; DepletingBalance; SampleReady;,3.8203e-08,1.0557e-07,6.2029e-08,6.2300e-08,6.2258e-08,6.2146e-08,0.96,2021/05/10 14:53:13,0.18,5943,8448,3.1766e-02,46.011,20,0.000,-2.8340e-13,-1.3172e-13,-1.4376e-13,-6.7356e-14,6.3479e-14,7.2992e-12,20.00,21.00,71.95,4.07984e-08,4.05487e-08,1.20233e-02,4.2542e-03,4.9667e-05,4.7421e-06,2.9927e-08,1.1969e-02,4.2040e-03,4.8876e-05,4.6326e-06,3.0257e-08,4.5471,11.9461,16.1910,23.6218,-62.7865,1.5365,0.0009,0,60,5.9784,0.0019,0,60,-0.3012,-0.4035,-88.8345,
C:\Nu Stable\Results\2021\20210505 clumped dolomite apatite calibration 5 NTA,20210505 clumped dolomite apatite calibration 5 NTA,Data_13595 BONI_300_A2.txt,BONI_300_A2,C:\Nu Stable\Analyses\DI\CO2 20-6-20 clumped NuCarb.rdf,Clumped CO2 Iterative,2021/05/10 12:26:40,2021/05/10 17:20:00,474,43,1.8421e-07,3.886301E-10,CF,27.374,3.177e-02,1,3.1060e-02,14848, InitialisePrepSampleRun; CheckIfCFRequired; UseCF; SampleTrapped; Chop_CF_SamSub; SampleTrapped; BalanceRefToSamValue; DepletingBalance; SampleReady;,3.7554e-08,1.0553e-07,7.6309e-08,7.6833e-08,7.6745e-08,7.6591e-08,0.96,2021/05/10 17:19:15,0.20,5087,8448,3.1766e-02,46.011,20,0.000,-2.8693e-13,-1.3330e-13,-1.4543e-13,-6.7604e-14,6.3658e-14,7.6255e-12,21.00,22.00,71.95,4.88498e-08,4.86445e-08,1.15177e-02,4.1251e-03,4.6084e-05,4.4726e-06,6.1850e-08,1.1969e-02,4.2040e-03,4.8883e-05,4.6437e-06,6.7368e-08,-37.7400,-18.7822,-57.2576,-36.8596,-83.9086,-42.4010,0.0010,0,60,-24.5096,0.0020,0,60,-0.6427,0.3653,-9.3619,
C:\Nu Stable\Results\2021\20210505 clumped dolomite apatite calibration 5 NTA,20210505 clumped dolomite apatite calibration 5 NTA,Data_13596 BONI_150_A4.txt,BONI_150_A4,C:\Nu Stable\Analyses\DI\CO2 20-6-20 clumped NuCarb.rdf,Clumped CO2 Iterative,2021/05/10 12:26:40,2021/05/10 19:47:12,487,44,1.9898e-07,4.085744E-10,CF,29.449,3.177e-02,1,3.2488e-02,14816, InitialisePrepSampleRun; CheckIfCFRequired; UseCF; SampleTrapped; Chop_CF_SamSub; SampleTrapped; BalanceRefToSamValue; DepletingBalance; SampleReady;,3.6778e-08,1.0581e-07,8.2081e-08,8.1622e-08,8.1621e-08,8.1304e-08,0.96,2021/05/10 19:46:27,0.39,4812,8447,3.1766e-02,46.011,20,0.000,-2.8743e-13,-1.3365e-13,-1.4587e-13,-6.6812e-14,6.5589e-14,7.7230e-12,21.00,22.00,71.95,5.14232e-08,5.12576e-08,1.14347e-02,4.1556e-03,4.6081e-05,4.5397e-06,6.3436e-08,1.1970e-02,4.2042e-03,4.8890e-05,4.6463e-06,6.8333e-08,-44.7033,-11.5719,-57.4567,-22.9426,-72.0386,-50.0637,0.0009,0,60,-17.3190,0.0016,0,60,-0.5641,0.0685,-3.1844,
C:\Nu Stable\Results\2021\20210505 clumped dolomite apatite calibration 5 NTA,20210505 clumped dolomite apatite calibration 5 NTA,Data_13597 BONI_200_A1.txt,BONI_200_A1,C:\Nu Stable\Analyses\DI\CO2 20-6-20 clumped NuCarb.rdf,Clumped CO2 Iterative,2021/05/10 12:26:40,2021/05/10 22:57:14,494,45,1.9823e-07,4.012838E-10,CF,29.419,3.177e-02,1,3.3983e-02,14848, InitialisePrepSampleRun; CheckIfCFRequired; UseCF; SampleTrapped; Chop_CF_SamSub; SampleTrapped; BalanceRefToSamValue; DepletingBalance; SampleReady;,3.5983e-08,1.0593e-07,8.2047e-08,8.1957e-08,8.1933e-08,8.1718e-08,0.96,2021/05/10 22:56:28,0.26,4721,8446,3.1766e-02,46.011,20,0.000,-2.8769e-13,-1.3414e-13,-1.4625e-13,-6.8073e-14,6.3443e-14,7.5674e-12,22.00,22.00,71.95,5.16217e-08,5.14150e-08,1.15331e-02,4.1517e-03,4.6441e-05,4.5293e-06,4.3257e-08,1.1970e-02,4.2043e-03,4.8886e-05,4.6443e-06,4.8079e-08,-36.4949,-12.5009,-50.0122,-24.7581,-101.4953,-41.2952,0.0008,0,60,-18.2612,0.0016,0,60,-0.5988,0.0893,-41.8167,
C:\Nu Stable\Results\2021\20210505 clumped dolomite apatite calibration 5 NTA,20210505 clumped dolomite apatite calibration 5 NTA,Data_13598 ETH-2.txt,ETH-2,C:\Nu Stable\Analyses\DI\CO2 20-6-20 clumped NuCarb.rdf,Clumped CO2 Iterative,2021/05/10 12:26:40,2021/05/11 01:24:07,488,46,1.8508e-07,3.7926E-10,CF,27.832,3.249e-02,1,3.1766e-02,14816, InitialisePrepSampleRun; CheckIfCFRequired; UseCF; SampleTrapped; Chop_CF_SamSub; SampleTrapped; BalanceRefToSamValue; DepletingBalance; SampleReady;,3.5144e-08,1.0587e-07,7.6774e-08,7.6490e-08,7.6403e-08,7.6238e-08,0.96,2021/05/11 01:23:21,0.22,4861,8444,3.2488e-02,46.009,20,0.000,-2.8821e-13,-1.3406e-13,-1.4614e-13,-6.7926e-14,6.4248e-14,7.6318e-12,21.00,22.00,71.95,4.86724e-08,4.84080e-08,1.18843e-02,4.1822e-03,4.8250e-05,4.5993e-06,7.2010e-08,1.1970e-02,4.2042e-03,4.8891e-05,4.6478e-06,7.4190e-08,-7.1190,-5.2224,-13.1067,-10.4518,-30.9905,-10.2849,0.0010,0,60,-11.0816,0.0011,0,60,-0.6771,-0.0346,-13.4913,
C:\Nu Stable\Results\2021\20210505 clumped dolomite apatite calibration 5 NTA,20210505 clumped dolomite apatite calibration 5 NTA,Data_13599 ETH-1.txt,ETH-1,C:\Nu Stable\Analyses\DI\CO2 20-6-20 clumped NuCarb.rdf,Clumped CO2 Iterative,2021/05/10 12:26:40,2021/05/11 03:50:32,459,47,1.5527e-07,3.382871E-10,CF,23.590,3.177e-02,1,3.2488e-02,14816, InitialisePrepSampleRun; CheckIfCFRequired; UseCF; SampleTrapped; Chop_CF_SamSub; SampleTrapped; BalanceRefToSamValue; DepletingBalance; SampleReady;,3.4330e-08,1.0607e-07,6.4921e-08,6.5126e-08,6.5077e-08,6.4913e-08,0.96,2021/05/11 03:49:46,0.25,5332,8446,3.1766e-02,46.009,20,0.000,-2.8713e-13,-1.3378e-13,-1.4590e-13,-6.9020e-14,6.1297e-14,7.3519e-12,21.00,21.00,71.95,4.23558e-08,4.21243e-08,1.20268e-02,4.2523e-03,4.9659e-05,4.7498e-06,5.3659e-08,1.1969e-02,4.2042e-03,4.8899e-05,4.6451e-06,5.4474e-08,4.8173,11.4402,15.5531,22.5211,-17.2086,1.8415,0.0010,0,60,5.4743,0.0020,0,60,-0.7139,-0.4791,-43.8550,
C:\Nu Stable\Results\2021\20210505 clumped dolomite apatite calibration 5 NTA,20210505 clumped dolomite apatite calibration 5 NTA,Data_13600 BONI_300_A2.txt,BONI_300_A2,C:\Nu Stable\Analyses\DI\CO2 20-6-20 clumped NuCarb.rdf,Clumped CO2 Iterative,2021/05/10 12:26:40,2021/05/11 06:17:17,466,48,1.8071e-07,3.877823E-10,CF,27.008,3.177e-02,1,3.2488e-02,14848, InitialisePrepSampleRun; CheckIfCFRequired; UseCF; SampleTrapped; Chop_CF_SamSub; SampleTrapped; BalanceRefToSamValue; DepletingBalance; SampleReady;,3.3607e-08,1.0595e-07,7.4943e-08,7.4413e-08,7.4402e-08,7.4183e-08,0.96,2021/05/11 06:16:31,0.30,4805,8444,3.1766e-02,46.011,20,0.000,-2.8729e-13,-1.3375e-13,-1.4600e-13,-6.7846e-14,6.4427e-14,7.5844e-12,21.00,22.00,71.95,4.75295e-08,4.72984e-08,1.15167e-02,4.1241e-03,4.6067e-05,4.4626e-06,3.9890e-08,1.1970e-02,4.2042e-03,4.8884e-05,4.6370e-06,4.5569e-08,-37.8430,-19.0498,-57.6361,-37.6007,-136.0714,-42.5011,0.0010,0,60,-24.7757,0.0024,0,60,-0.6656,0.1410,-65.1597,
C:\Nu Stable\Results\2021\20210505 clumped dolomite apatite calibration 5 NTA,20210505 clumped dolomite apatite calibration 5 NTA,Data_13601 ETH-3.txt,ETH-3,C:\Nu Stable\Analyses\DI\CO2 20-6-20 clumped NuCarb.rdf,Clumped CO2 Iterative,2021/05/10 12:26:40,2021/05/11 08:43:35,476,49,1.7156e-07,3.604132E-10,CF,25.360,3.177e-02,1,3.3227e-02,14816, InitialisePrepSampleRun; CheckIfCFRequired; UseCF; SampleTrapped; Chop_CF_SamSub; SampleTrapped; BalanceRefToSamValue; DepletingBalance; SampleReady;,3.2908e-08,1.0571e-07,7.1292e-08,7.1089e-08,7.1063e-08,7.0850e-08,0.96,2021/05/11 08:42:50,0.30,4872,8449,3.1766e-02,46.011,20,0.000,-2.8680e-13,-1.3355e-13,-1.4577e-13,-6.7957e-14,6.3783e-14,7.4565e-12,21.00,22.00,71.95,4.57090e-08,4.54887e-08,1.20240e-02,4.2546e-03,4.9679e-05,4.7431e-06,3.3175e-08,1.1969e-02,4.2043e-03,4.8885e-05,4.6327e-06,3.3588e-08,4.5535,11.9656,16.2397,23.8263,-241.0563,1.5426,0.0011,0,60,5.9978,0.0019,0,60,-0.2789,-0.2423,-262.1993,
C:\Nu Stable\Results\2021\20210505 clumped dolomite apatite calibration 5 NTA,20210505 clumped dolomite apatite calibration 5 NTA,Data_13602 ETH-4.txt,ETH-4,C:\Nu Stable\Analyses\DI\CO2 20-6-20 clumped NuCarb.rdf,Clumped CO2 Iterative,2021/05/10 12:26:40,2021/05/11 11:09:46,515,50,2.0431e-07,3.967186E-10,CF,30.212,3.177e-02,1,3.2488e-02,14848, InitialisePrepSampleRun; CheckIfCFRequired; UseCF; SampleTrapped; Chop_CF_SamSub; SampleTrapped; BalanceRefToSamValue; DepletingBalance; SampleReady;,3.2189e-08,1.0560e-07,8.4311e-08,8.3810e-08,8.3739e-08,8.3568e-08,0.96,2021/05/11 11:09:01,0.20,4293,8449,3.1766e-02,46.009,20,0.000,-2.8733e-13,-1.3374e-13,-1.4599e-13,-6.6513e-14,6.6537e-14,7.7739e-12,21.00,22.00,71.95,5.26603e-08,5.24774e-08,1.18843e-02,4.1821e-03,4.8259e-05,4.5978e-06,6.5692e-08,1.1970e-02,4.2044e-03,4.8893e-05,4.6468e-06,6.8140e-08,-7.1675,-5.2976,-12.9660,-10.5500,-36.0193,-10.3340,0.0429,0,60,-11.1563,0.0293,0,60,-0.4101,0.0171,-18.4146,
