Batch,20210517 clumped Brazil Antoine powders Nova Olinda fracture FMM,Collected on,2021/05/17 14:10:44,Analysis Instrument,PS019,Acquisition Software,,Stable 1.71.5,Reanalyzed  on,2021/05/17 15:09:51,Reanalysis Instrument,PS019,Reanalysis Software,Stable 1.71.5

Data,Batch,Data,Sample,Method,Analysis,Batch,Time,Sample,Vial,Initial,Sample,ColdFinger,Transducer,InletPiraniPressure,Sample,MaxPumpOverPressure,RawPumpOverPressure,Sample,Min,Max,Pre-balance,Pre-depleted,Final,Final,Depletion,Balance,Balance,RefBellowsPos,SamBellowsPos,Pirani,Current,Zero,Zero,Zero,Zero,Zero,Zero,Zero,Zero,Sam,Ref,Ave,Ref Major,Sam Major,Sample,Sample,Sample,Sample,Sample,Ref,Ref,Ref,Ref,Ref,Raw,Raw,Raw,Raw,Raw,Delta(13),Std,Rejected,Num,Delta(18),Std,Rejected,Num,DELTA,DELTA,DELTA,
Dir   ,Name   ,File   ,Name   ,  ,  ,Started   ,Collected   ,Weight   ,Location   ,Sam Beam   ,Yield   ,Status   ,Pressure   ,  ,Chops   ,  ,  ,Operations   ,Ref Beam   ,Ref Beam   ,Sam Beam   ,Ref Beam   ,Sam Beam   ,Ref Beam   ,Factor  ,End   ,%  ,  ,  ,Pressure   ,Mass   ,Length    ,Offset   ,Beams (0) ,Beams (1) ,Beams (2) ,Beams (3) ,Beams (4) ,Beams (5) ,Depletion   ,Depletion   ,Temperature   ,Signal(44),Signal(44),Ratio(45/44),Ratio(46/44),Ratio(47/44),Ratio(48/44),Ratio(49/44),Ratio(45/44),Ratio(46/44),Ratio(47/44),Ratio(48/44),Ratio(49/44),Delta(45/44),Delta(46/44),Delta(47/44),Delta(48/44),Delta(49/44),wrt PDB,Err,,,wrt PDB,Err,,,47,48,49,

C:\Nu Stable\Results\2021\20210517 clumped Brazil Antoine powders Nova Olinda fracture FMM,20210517 clumped Brazil Antoine powders Nova Olinda fracture FMM,Data_13648 ETH-01.txt,ETH-01,C:\Nu Stable\Analyses\DI\CO2 20-6-20 clumped NuCarb.rdf,Clumped CO2 Iterative,2021/05/17 14:10:44,2021/05/17 14:10:44,485,1,1.7655e-07,3.640222E-10,CF,25.635,3.398e-02,1,3.5546e-02,14912, InitialisePrepSampleRun; CheckIfCFRequired; UseCF; SampleTrapped; Chop_CF_SamSub; SampleTrapped; BalanceRefToSamValue; DepletingBalance; SampleReady;,3.9698e-08,1.0559e-07,7.3125e-08,7.3368e-08,7.3334e-08,7.3060e-08,0.96,2021/05/17 14:09:58,0.38,5455,8450,3.3983e-02,46.013,20,0.000,-3.3089e-13,-1.4960e-13,-1.6796e-13,-8.8878e-14,3.5226e-14,7.1669e-12,21.00,22.00,72.32,4.69015e-08,4.66491e-08,1.20302e-02,4.2535e-03,4.9657e-05,4.7533e-06,8.1866e-08,1.1972e-02,4.2053e-03,4.8891e-05,4.6484e-06,8.1484e-08,4.8434,11.4675,15.6815,22.5557,4.6318,1.8683,0.0008,0,60,5.5015,0.0018,0,60,-0.6409,-0.4993,-22.6854,
C:\Nu Stable\Results\2021\20210517 clumped Brazil Antoine powders Nova Olinda fracture FMM,20210517 clumped Brazil Antoine powders Nova Olinda fracture FMM,Data_13649 ETH-03.txt,ETH-03,C:\Nu Stable\Analyses\DI\CO2 20-6-20 clumped NuCarb.rdf,Clumped CO2 Iterative,2021/05/17 14:10:44,2021/05/17 15:33:10,544,2,2.0212e-07,3.715368E-10,CF,29.327,3.177e-02,1,2.9694e-02,14816, InitialisePrepSampleRun; CheckIfCFRequired; UseCF; SampleTrapped; Chop_CF_SamSub; SampleTrapped; BalanceRefToSamValue; DepletingBalance; SampleReady;,3.8793e-08,1.0596e-07,8.3659e-08,8.3149e-08,8.3066e-08,8.2819e-08,0.96,2021/05/17 15:32:25,0.30,4943,8447,3.1766e-02,46.011,20,0.000,-3.2999e-13,-1.4981e-13,-1.6733e-13,-8.2283e-14,5.2053e-14,8.3220e-12,22.00,22.00,72.39,5.22118e-08,5.18694e-08,1.20275e-02,4.2564e-03,4.9699e-05,4.7568e-06,8.2831e-08,1.1973e-02,4.2058e-03,4.8901e-05,4.6464e-06,8.3155e-08,4.5785,12.0267,16.3009,23.7595,-1.2617,1.5671,0.0009,0,60,6.0586,0.0016,0,60,-0.3038,-0.4283,-29.2025,
C:\Nu Stable\Results\2021\20210517 clumped Brazil Antoine powders Nova Olinda fracture FMM,20210517 clumped Brazil Antoine powders Nova Olinda fracture FMM,Data_13650 ETH-02.txt,ETH-02,C:\Nu Stable\Analyses\DI\CO2 20-6-20 clumped NuCarb.rdf,Clumped CO2 Iterative,2021/05/17 14:10:44,2021/05/17 16:55:35,391,3,1.2999e-07,3.324627E-10,CF,19.531,3.249e-02,1,3.1060e-02,14752, InitialisePrepSampleRun; CheckIfCFRequired; UseCF; SampleTrapped; Chop_CF_SamSub; SampleTrapped; BalanceRefToSamValue; DepletingBalance; SampleReady;,3.8020e-08,1.0558e-07,5.4815e-08,5.5096e-08,5.5045e-08,5.4915e-08,0.96,2021/05/17 16:54:50,0.24,6456,8446,3.2488e-02,46.011,20,0.000,-3.2644e-13,-1.4892e-13,-1.6588e-13,-8.3678e-14,4.6223e-14,7.9152e-12,20.00,20.00,72.39,3.65738e-08,3.62637e-08,1.18867e-02,4.1837e-03,4.8305e-05,4.6112e-06,8.9427e-08,1.1971e-02,4.2051e-03,4.8934e-05,4.6591e-06,9.2085e-08,-7.0352,-5.1058,-12.8506,-10.2779,-29.4057,-10.1998,0.0009,0,60,-10.9657,0.0014,0,60,-0.6200,-0.0934,-12.1949,
C:\Nu Stable\Results\2021\20210517 clumped Brazil Antoine powders Nova Olinda fracture FMM,20210517 clumped Brazil Antoine powders Nova Olinda fracture FMM,Data_13651 ETH-04.txt,ETH-04,C:\Nu Stable\Analyses\DI\CO2 20-6-20 clumped NuCarb.rdf,Clumped CO2 Iterative,2021/05/17 14:10:44,2021/05/17 18:17:50,529,4,2.0383e-08,3.853062E-11,CF,0.458,3.249e-02,0,3.1766e-02,14752, InitialisePrepSampleRun; CheckIfCFRequired; UseCF; SampleTrapped; BalanceRefToSamValue; SampleReady; (BeamTooBig_RunningMisBalanced) ;,3.7403e-08,1.0603e-07,1.9568e-08,8.3149e-08,8.3066e-08,8.2819e-08,0.96,2021/05/17 18:16:52,-47.77,8397,8446,3.2488e-02,46.011,20,0.000,-3.2469e-13,-1.4829e-13,-1.6482e-13,-8.6618e-14,3.9947e-14,7.2607e-12,26.00,28.00,72.39,2.10097e-08,1.12298e-08,1.18795e-02,4.1802e-03,4.8362e-05,4.6475e-06,2.0944e-07,1.1968e-02,4.2036e-03,4.8967e-05,4.6709e-06,1.4285e-07,-7.3779,-5.5598,-12.3562,-5.0044,391.0675,-10.5488,0.0032,0,60,-11.4168,0.0078,0,60,0.6858,6.1528,417.5489,
C:\Nu Stable\Results\2021\20210517 clumped Brazil Antoine powders Nova Olinda fracture FMM,20210517 clumped Brazil Antoine powders Nova Olinda fracture FMM,Data_13652 MERCK.txt,MERCK,C:\Nu Stable\Analyses\DI\CO2 20-6-20 clumped NuCarb.rdf,Clumped CO2 Iterative,2021/05/17 14:10:44,2021/05/17 19:39:57,408,5,1.4528e-07,3.560841E-10,CF,21.606,3.177e-02,1,3.1766e-02,14784, InitialisePrepSampleRun; CheckIfCFRequired; UseCF; SampleTrapped; Chop_CF_SamSub; SampleTrapped; BalanceRefToSamValue; DepletingBalance; SampleReady;,3.7072e-08,1.0552e-07,6.0926e-08,6.1176e-08,6.1124e-08,6.0993e-08,0.96,2021/05/17 19:39:12,0.22,5898,8446,3.1766e-02,46.011,20,0.000,-3.2062e-13,-1.4672e-13,-1.6283e-13,-8.2752e-14,4.4793e-14,7.5397e-12,20.00,21.00,72.39,4.00823e-08,3.97433e-08,1.15294e-02,4.1960e-03,4.6951e-05,4.6372e-06,8.8584e-08,1.1971e-02,4.2050e-03,4.8928e-05,4.6575e-06,9.2817e-08,-36.8684,-2.1605,-40.4092,-4.3604,-45.4928,-42.0526,0.0011,0,60,-7.9697,0.0015,0,60,-0.3883,-0.0446,-2.3198,
C:\Nu Stable\Results\2021\20210517 clumped Brazil Antoine powders Nova Olinda fracture FMM,20210517 clumped Brazil Antoine powders Nova Olinda fracture FMM,Data_13653 30-RJS-5159.1A.txt,30-RJS-5159.1A,C:\Nu Stable\Analyses\DI\CO2 20-6-20 clumped NuCarb.rdf,Clumped CO2 Iterative,2021/05/17 14:10:44,2021/05/17 21:02:05,514,6,1.7109e-07,3.328596E-10,CF,25.268,3.177e-02,1,3.1766e-02,14752, InitialisePrepSampleRun; CheckIfCFRequired; UseCF; SampleTrapped; Chop_CF_SamSub; SampleTrapped; BalanceRefToSamValue; DepletingBalance; SampleReady;,3.6418e-08,1.0576e-07,7.1072e-08,7.1260e-08,7.1220e-08,7.0981e-08,0.96,2021/05/17 21:01:19,0.34,5242,8446,3.1766e-02,46.007,20,0.000,-3.1855e-13,-1.4596e-13,-1.6185e-13,-7.9073e-14,5.2428e-14,8.0958e-12,21.00,22.00,72.39,4.57625e-08,4.54174e-08,1.20445e-02,4.2623e-03,4.9862e-05,4.7772e-06,8.3650e-08,1.1971e-02,4.2052e-03,4.8918e-05,4.6524e-06,8.3912e-08,6.1303,13.5683,19.3161,26.8408,0.2549,3.1655,0.0011,0,60,7.5893,0.0018,0,60,-0.4297,-0.4672,-32.2247,
C:\Nu Stable\Results\2021\20210517 clumped Brazil Antoine powders Nova Olinda fracture FMM,20210517 clumped Brazil Antoine powders Nova Olinda fracture FMM,Data_13654 30-RJS-5159.1B.txt,30-RJS-5159.1B,C:\Nu Stable\Analyses\DI\CO2 20-6-20 clumped NuCarb.rdf,Clumped CO2 Iterative,2021/05/17 14:10:44,2021/05/17 22:24:21,530,7,1.9038e-07,3.591993E-10,CF,27.923,3.177e-02,1,3.1766e-02,14752, InitialisePrepSampleRun; CheckIfCFRequired; UseCF; SampleTrapped; Chop_CF_SamSub; SampleTrapped; BalanceRefToSamValue; DepletingBalance; SampleReady;,3.5735e-08,1.0544e-07,7.8808e-08,7.8507e-08,7.8425e-08,7.8233e-08,0.96,2021/05/17 22:23:36,0.24,4848,8446,3.1766e-02,46.009,20,0.000,-3.1500e-13,-1.4454e-13,-1.6000e-13,-7.5728e-14,5.7435e-14,8.2979e-12,22.00,22.00,72.39,4.97452e-08,4.93454e-08,1.20501e-02,4.2698e-03,4.9970e-05,4.7946e-06,7.8167e-08,1.1971e-02,4.2054e-03,4.8918e-05,4.6534e-06,7.8064e-08,6.5750,15.3152,21.5000,30.3366,2.3484,3.5786,0.0009,0,60,9.3268,0.0020,0,60,-0.4396,-0.5126,-33.9327,
C:\Nu Stable\Results\2021\20210517 clumped Brazil Antoine powders Nova Olinda fracture FMM,20210517 clumped Brazil Antoine powders Nova Olinda fracture FMM,Data_13655 30-RJS-5159.1C.txt,30-RJS-5159.1C,C:\Nu Stable\Analyses\DI\CO2 20-6-20 clumped NuCarb.rdf,Clumped CO2 Iterative,2021/05/17 14:10:44,2021/05/17 23:46:38,461,8,1.0832e-08,2.349648E-11,CF,0.305,3.177e-02,0,3.1060e-02,14752, InitialisePrepSampleRun; CheckIfCFRequired; UseCF; SampleTrapped; BalanceRefToSamValue; SampleReady; (BeamTooBig_RunningMisBalanced) ;,3.5048e-08,1.0585e-07,1.0396e-08,7.1260e-08,7.1220e-08,7.0981e-08,0.96,2021/05/17 23:45:41,-70.09,8398,8444,3.1766e-02,46.009,20,0.000,-3.1341e-13,-1.4378e-13,-1.5910e-13,-8.1223e-14,4.5168e-14,7.3296e-12,25.00,28.00,72.39,1.98378e-08,6.34473e-09,1.20431e-02,4.2647e-03,5.0094e-05,4.8845e-06,3.0561e-07,1.1967e-02,4.2031e-03,4.8967e-05,4.6780e-06,1.4089e-07,6.3868,14.6404,23.0104,44.1032,1013.7749,3.4016,0.0025,0,60,8.6556,0.0102,0,60,1.8867,14.1905,943.8711,
C:\Nu Stable\Results\2021\20210517 clumped Brazil Antoine powders Nova Olinda fracture FMM,20210517 clumped Brazil Antoine powders Nova Olinda fracture FMM,Data_13656 ETH-03.txt,ETH-03,C:\Nu Stable\Analyses\DI\CO2 20-6-20 clumped NuCarb.rdf,Clumped CO2 Iterative,2021/05/17 14:10:44,2021/05/18 01:08:57,470,9,1.9898e-08,4.233687E-11,CF,0.549,3.177e-02,0,3.1060e-02,14752, InitialisePrepSampleRun; CheckIfCFRequired; UseCF; SampleTrapped; BalanceRefToSamValue; SampleReady; (BeamTooBig_RunningMisBalanced) ;,3.4670e-08,1.0562e-07,1.9100e-08,7.8507e-08,7.8425e-08,7.8233e-08,0.96,2021/05/18 01:08:00,-45.05,8396,8449,3.1766e-02,46.009,20,0.000,-3.0940e-13,-1.4237e-13,-1.5719e-13,-8.1852e-14,4.1109e-14,6.8718e-12,26.00,28.00,72.39,1.96700e-08,1.09640e-08,1.20211e-02,4.2542e-03,4.9714e-05,4.7384e-06,-3.8673e-08,1.1967e-02,4.2031e-03,4.8908e-05,4.6311e-06,5.0234e-09,4.5487,12.1563,16.4772,23.0549,-2734.2481,1.5310,0.0031,0,60,6.1876,0.0114,0,60,-0.2258,-1.3729,-2685.7965,
C:\Nu Stable\Results\2021\20210517 clumped Brazil Antoine powders Nova Olinda fracture FMM,20210517 clumped Brazil Antoine powders Nova Olinda fracture FMM,Data_13657 ETH-02.txt,ETH-02,C:\Nu Stable\Analyses\DI\CO2 20-6-20 clumped NuCarb.rdf,Clumped CO2 Iterative,2021/05/17 14:10:44,2021/05/18 02:31:11,413,10,1.4063e-07,3.405178E-10,CF,21.057,3.249e-02,1,3.1766e-02,14752, InitialisePrepSampleRun; CheckIfCFRequired; UseCF; SampleTrapped; Chop_CF_SamSub; SampleTrapped; BalanceRefToSamValue; DepletingBalance; SampleReady;,3.4324e-08,1.0533e-07,5.9038e-08,5.9288e-08,5.9246e-08,5.9104e-08,0.96,2021/05/18 02:30:26,0.24,5698,8450,3.2488e-02,46.009,20,0.000,-3.1611e-13,-1.4521e-13,-1.6018e-13,-8.1847e-14,4.6009e-14,7.3788e-12,20.00,21.00,72.39,3.89989e-08,3.87037e-08,1.18866e-02,4.1837e-03,4.8234e-05,4.5538e-06,-3.3887e-08,1.1971e-02,4.2050e-03,4.8865e-05,4.6018e-06,-2.9177e-08,-7.0170,-5.0619,-12.9117,-10.4499,-10.3170,-10.1820,0.0007,0,60,-10.9220,0.0012,0,60,-0.7441,-0.3554,7.1225,
C:\Nu Stable\Results\2021\20210517 clumped Brazil Antoine powders Nova Olinda fracture FMM,20210517 clumped Brazil Antoine powders Nova Olinda fracture FMM,Data_13658 30-RJS-5159.1D.txt,30-RJS-5159.1D,C:\Nu Stable\Analyses\DI\CO2 20-6-20 clumped NuCarb.rdf,Clumped CO2 Iterative,2021/05/17 14:10:44,2021/05/18 04:00:29,635,11,4.1431e-08,6.524625E-11,CF,5.249,3.476e-02,0,3.2488e-02,14784, InitialisePrepSampleRun; CheckIfCFRequired; UseCF; SampleTrapped; BalanceRefToSamValue; SampleReady; (BeamTooBig_RunningMisBalanced) ;,4.2441e-08,1.0579e-07,3.9787e-08,7.8507e-08,7.8425e-08,7.8233e-08,0.96,2021/05/18 03:59:31,-7.80,8397,8448,3.4756e-02,46.009,20,0.000,-3.2378e-13,-1.4871e-13,-1.6448e-13,-8.5890e-14,4.0680e-14,7.3761e-12,29.00,28.00,72.39,2.33752e-08,2.06548e-08,1.20492e-02,4.2708e-03,4.9988e-05,4.7497e-06,-2.6032e-08,1.1969e-02,4.2044e-03,4.8907e-05,4.6081e-06,-1.3223e-08,6.6991,15.7972,22.1062,30.6919,176.1695,3.6941,0.0027,0,60,9.8062,0.0084,0,60,-0.4405,-1.1167,132.4191,
C:\Nu Stable\Results\2021\20210517 clumped Brazil Antoine powders Nova Olinda fracture FMM,20210517 clumped Brazil Antoine powders Nova Olinda fracture FMM,Data_13659 30-RJS-5159.1E.txt,30-RJS-5159.1E,C:\Nu Stable\Analyses\DI\CO2 20-6-20 clumped NuCarb.rdf,Clumped CO2 Iterative,2021/05/17 14:10:44,2021/05/18 05:22:45,450,12,1.4861e-07,3.302458E-10,CF,22.400,3.249e-02,1,3.2488e-02,14816, InitialisePrepSampleRun; CheckIfCFRequired; UseCF; SampleTrapped; Chop_CF_SamSub; SampleTrapped; BalanceRefToSamValue; DepletingBalance; SampleReady;,4.2005e-08,1.0554e-07,6.2214e-08,6.2493e-08,6.2446e-08,6.2287e-08,0.96,2021/05/18 05:22:00,0.25,6347,8448,3.2488e-02,46.013,20,0.000,-3.2794e-13,-1.5090e-13,-1.6644e-13,-8.6031e-14,4.3505e-14,7.6863e-12,21.00,21.00,72.39,4.08234e-08,4.05417e-08,1.20514e-02,4.2735e-03,5.0005e-05,4.7866e-06,4.0669e-08,1.1972e-02,4.2058e-03,4.8915e-05,4.6381e-06,4.1945e-08,6.6432,16.0845,22.2787,32.0176,-37.9834,3.6247,0.0009,0,60,10.0922,0.0021,0,60,-0.4928,-0.3972,-74.2520,
C:\Nu Stable\Results\2021\20210517 clumped Brazil Antoine powders Nova Olinda fracture FMM,20210517 clumped Brazil Antoine powders Nova Olinda fracture FMM,Data_13660 30-RJS-5159.1F.txt,30-RJS-5159.1F,C:\Nu Stable\Analyses\DI\CO2 20-6-20 clumped NuCarb.rdf,Clumped CO2 Iterative,2021/05/17 14:10:44,2021/05/18 06:44:59,454,13,1.5226e-07,3.35374E-10,CF,22.522,3.249e-02,1,3.2488e-02,14784, InitialisePrepSampleRun; CheckIfCFRequired; UseCF; SampleTrapped; Chop_CF_SamSub; SampleTrapped; BalanceRefToSamValue; DepletingBalance; SampleReady;,4.1362e-08,1.0605e-07,6.3633e-08,6.3875e-08,6.3823e-08,6.3694e-08,0.96,2021/05/18 06:44:13,0.20,6189,8448,3.2488e-02,46.013,20,0.000,-3.2807e-13,-1.5080e-13,-1.6663e-13,-8.4486e-14,4.6635e-14,7.9277e-12,21.00,21.00,72.39,4.16378e-08,4.13260e-08,1.20507e-02,4.2733e-03,5.0026e-05,4.7983e-06,8.7625e-08,1.1972e-02,4.2058e-03,4.8941e-05,4.6505e-06,8.8138e-08,6.5902,16.0345,22.1751,31.7807,-6.1920,3.5701,0.0010,0,60,10.0425,0.0022,0,60,-0.4914,-0.5282,-43.5126,
C:\Nu Stable\Results\2021\20210517 clumped Brazil Antoine powders Nova Olinda fracture FMM,20210517 clumped Brazil Antoine powders Nova Olinda fracture FMM,Data_13661 ETH-01.txt,ETH-01,C:\Nu Stable\Analyses\DI\CO2 20-6-20 clumped NuCarb.rdf,Clumped CO2 Iterative,2021/05/17 14:10:44,2021/05/18 08:06:24,530,14,1.9772e-07,3.730525E-10,CF,28.870,3.249e-02,1,3.2488e-02,14784, InitialisePrepSampleRun; CheckIfCFRequired; UseCF; SampleTrapped; Chop_CF_SamSub; SampleTrapped; BalanceRefToSamValue; DepletingBalance; SampleReady;,4.0640e-08,1.0592e-07,8.1827e-08,8.2547e-08,8.2483e-08,8.2264e-08,0.96,2021/05/18 08:05:39,0.27,5131,8448,3.2488e-02,46.013,20,0.000,-3.2735e-13,-1.5038e-13,-1.6604e-13,-8.1098e-14,5.2106e-14,8.3399e-12,22.00,22.00,72.39,5.19136e-08,5.16520e-08,1.20310e-02,4.2549e-03,4.9685e-05,4.7412e-06,5.6730e-08,1.1973e-02,4.2061e-03,4.8913e-05,4.6351e-06,5.7867e-08,4.8760,11.6042,15.7775,22.8872,-19.0707,1.8983,0.0008,0,60,5.6374,0.0015,0,60,-0.7128,-0.4455,-46.0300,
C:\Nu Stable\Results\2021\20210517 clumped Brazil Antoine powders Nova Olinda fracture FMM,20210517 clumped Brazil Antoine powders Nova Olinda fracture FMM,Data_13662 ETH-04.txt,ETH-04,C:\Nu Stable\Analyses\DI\CO2 20-6-20 clumped NuCarb.rdf,Clumped CO2 Iterative,2021/05/17 14:10:44,2021/05/18 09:28:55,498,15,9.2615e-09,1.859746E-11,CF,0.336,3.249e-02,0,3.1766e-02,14752, InitialisePrepSampleRun; CheckIfCFRequired; UseCF; SampleTrapped; BalanceRefToSamValue; SampleReady; (BeamTooBig_RunningMisBalanced) ;,3.9887e-08,1.0584e-07,8.8881e-09,6.3875e-08,6.3823e-08,6.3694e-08,0.96,2021/05/18 09:27:57,-77.59,8398,8448,3.2488e-02,46.009,20,0.000,-3.2681e-13,-1.5062e-13,-1.6577e-13,-8.6743e-14,4.0931e-14,7.4887e-12,24.00,28.00,72.39,2.21854e-08,5.49035e-09,1.18792e-02,4.1792e-03,4.8416e-05,4.7347e-06,3.3410e-07,1.1968e-02,4.2040e-03,4.8967e-05,4.6822e-06,1.3490e-07,-7.4632,-5.8990,-11.2447,11.1865,1247.7629,-10.6277,0.0027,0,60,-11.7542,0.0061,0,60,2.2371,23.2234,1292.2992,
C:\Nu Stable\Results\2021\20210517 clumped Brazil Antoine powders Nova Olinda fracture FMM,20210517 clumped Brazil Antoine powders Nova Olinda fracture FMM,Data_13663 30-RJS-5166.25A.txt,30-RJS-5166.25A,C:\Nu Stable\Analyses\DI\CO2 20-6-20 clumped NuCarb.rdf,Clumped CO2 Iterative,2021/05/17 14:10:44,2021/05/18 10:49:19,536,16,7.5602e-08,1.410487E-10,CF,11.719,3.249e-02,0,3.1766e-02,14752, InitialisePrepSampleRun; CheckIfCFRequired; UseCF; SampleTrapped; BalanceRefToSamValue; DepletingBalance; SampleReady;,3.9494e-08,1.0547e-07,7.2547e-08,7.3151e-08,7.3062e-08,7.3130e-08,0.96,2021/05/18 10:48:33,-0.09,5468,8447,3.2488e-02,46.009,20,0.000,-3.2384e-13,-1.4924e-13,-1.6427e-13,-8.4050e-14,4.6152e-14,7.6738e-12,31.00,31.00,72.39,3.65480e-08,3.50391e-08,1.20420e-02,4.2734e-03,4.9984e-05,4.7843e-06,4.1143e-08,1.1971e-02,4.2053e-03,4.8920e-05,4.6346e-06,4.2908e-08,5.9408,16.1945,21.7335,32.3055,-85.0298,2.8735,0.0016,0,60,10.2032,0.0055,0,60,-0.4136,-0.3349,-119.0666,
C:\Nu Stable\Results\2021\20210517 clumped Brazil Antoine powders Nova Olinda fracture FMM,20210517 clumped Brazil Antoine powders Nova Olinda fracture FMM,Data_13664 30-RJS-5166.25B.txt,30-RJS-5166.25B,C:\Nu Stable\Analyses\DI\CO2 20-6-20 clumped NuCarb.rdf,Clumped CO2 Iterative,2021/05/17 14:10:44,2021/05/18 12:11:56,544,17,1.9329e-07,3.553098E-10,CF,28.107,3.249e-02,1,3.1766e-02,14784, InitialisePrepSampleRun; CheckIfCFRequired; UseCF; SampleTrapped; Chop_CF_SamSub; SampleTrapped; BalanceRefToSamValue; DepletingBalance; SampleReady;,3.8884e-08,1.0536e-07,7.9897e-08,8.0320e-08,8.0278e-08,8.0027e-08,0.96,2021/05/18 12:11:10,0.31,5064,8446,3.2488e-02,46.011,20,0.000,-3.2435e-13,-1.4955e-13,-1.6464e-13,-8.1207e-14,5.1409e-14,8.1056e-12,22.00,22.00,72.39,5.09006e-08,5.05577e-08,1.20385e-02,4.2735e-03,4.9957e-05,4.7966e-06,7.5629e-08,1.1973e-02,4.2061e-03,4.8928e-05,4.6495e-06,7.6270e-08,5.4881,16.0353,21.0142,31.6323,-5.7419,2.3971,0.0258,0,60,10.0458,0.0185,0,60,-0.4997,-0.6738,-41.9636,
C:\Nu Stable\Results\2021\20210517 clumped Brazil Antoine powders Nova Olinda fracture FMM,20210517 clumped Brazil Antoine powders Nova Olinda fracture FMM,Data_13665 30-RJS-5166.25C.txt,30-RJS-5166.25C,C:\Nu Stable\Analyses\DI\CO2 20-6-20 clumped NuCarb.rdf,Clumped CO2 Iterative,2021/05/17 14:10:44,2021/05/18 13:32:15,448,18,6.1708e-08,1.377412E-10,CF,9.003,3.249e-02,0,3.1766e-02,14784, InitialisePrepSampleRun; CheckIfCFRequired; UseCF; SampleTrapped; BalanceRefToSamValue; DepletingBalance; SampleReady;,3.8118e-08,1.0611e-07,5.9221e-08,5.9835e-08,5.9768e-08,5.9947e-08,0.96,2021/05/18 13:31:30,-0.30,6131,8446,3.2488e-02,46.011,20,0.000,-3.2226e-13,-1.4876e-13,-1.6371e-13,-8.2052e-14,4.8977e-14,7.9465e-12,30.00,30.00,72.39,3.10718e-08,2.97138e-08,1.20353e-02,4.2725e-03,4.9988e-05,4.8089e-06,7.9317e-08,1.1970e-02,4.2052e-03,4.8958e-05,4.6598e-06,7.8525e-08,5.4225,16.0111,21.0493,31.9540,10.7774,2.3281,0.0020,0,60,10.0218,0.0059,0,60,-0.3747,-0.3144,-25.9345,
C:\Nu Stable\Results\2021\20210517 clumped Brazil Antoine powders Nova Olinda fracture FMM,20210517 clumped Brazil Antoine powders Nova Olinda fracture FMM,Data_13666 ETH-03.txt,ETH-03,C:\Nu Stable\Analyses\DI\CO2 20-6-20 clumped NuCarb.rdf,Clumped CO2 Iterative,2021/05/17 14:10:44,2021/05/18 14:55:33,479,19,4.5600e-09,9.519855E-12,CF,0.336,3.249e-02,0,3.1766e-02,14784, InitialisePrepSampleRun; CheckIfCFRequired; UseCF; SampleTrapped; BalanceRefToSamValue; SampleReady; (BeamTooBig_RunningMisBalanced) ;,3.7565e-08,1.0568e-07,4.3775e-09,8.0320e-08,8.0278e-08,8.0027e-08,0.96,2021/05/18 14:54:35,-88.22,8397,8448,3.2488e-02,46.011,20,0.000,-3.2257e-13,-1.4884e-13,-1.6370e-13,-8.6884e-14,3.8445e-14,7.0927e-12,23.00,28.00,72.39,2.09860e-08,2.81080e-09,1.20158e-02,4.2504e-03,5.0713e-05,5.6576e-06,2.2429e-06,1.1968e-02,4.2040e-03,4.9088e-05,4.7799e-06,3.8070e-07,3.9837,11.0429,33.0685,179.4957,3910.1952,0.9680,0.0042,0,60,5.0808,0.0140,0,60,17.7859,153.8971,3785.3022,
C:\Nu Stable\Results\2021\20210517 clumped Brazil Antoine powders Nova Olinda fracture FMM,20210517 clumped Brazil Antoine powders Nova Olinda fracture FMM,Data_13667 ETH-04.txt,ETH-04,C:\Nu Stable\Analyses\DI\CO2 20-6-20 clumped NuCarb.rdf,Clumped CO2 Iterative,2021/05/17 14:10:44,2021/05/18 16:17:57,554,20,2.2788e-07,4.11328E-10,CF,32.196,3.177e-02,1,3.1060e-02,14752, InitialisePrepSampleRun; CheckIfCFRequired; UseCF; SampleTrapped; Chop_CF_SamSub; SampleTrapped; BalanceRefToSamValue; DepletingBalance; SampleReady;,3.7174e-08,1.0600e-07,9.3557e-08,9.3276e-08,9.3199e-08,9.2926e-08,0.96,2021/05/18 16:17:12,0.29,4437,8448,3.1766e-02,46.013,20,0.000,-3.0228e-13,-1.4003e-13,-1.5394e-13,-7.1531e-14,6.2352e-14,8.0574e-12,22.00,23.00,72.44,5.75702e-08,5.71641e-08,1.18855e-02,4.1832e-03,4.8349e-05,4.6544e-06,1.8750e-07,1.1971e-02,4.2052e-03,4.8980e-05,4.7028e-06,1.8898e-07,-7.1629,-5.2190,-12.8922,-10.2868,-12.0229,-10.3318,0.0009,0,60,-11.0780,0.0016,0,60,-0.4178,0.1251,5.8587,
C:\Nu Stable\Results\2021\20210517 clumped Brazil Antoine powders Nova Olinda fracture FMM,20210517 clumped Brazil Antoine powders Nova Olinda fracture FMM,Data_13668 30-RJS-5166.25D.txt,30-RJS-5166.25D,C:\Nu Stable\Analyses\DI\CO2 20-6-20 clumped NuCarb.rdf,Clumped CO2 Iterative,2021/05/17 14:10:44,2021/05/18 17:47:10,452,21,1.2685e-07,2.806324E-10,CF,19.531,3.323e-02,1,3.1060e-02,14720, InitialisePrepSampleRun; CheckIfCFRequired; UseCF; SampleTrapped; Chop_CF_SamSub; SampleTrapped; BalanceRefToSamValue; DepletingBalance; SampleReady;,4.2544e-08,1.0548e-07,5.3599e-08,5.3799e-08,5.3765e-08,5.3619e-08,0.96,2021/05/18 17:46:24,0.27,7110,8448,3.3227e-02,46.009,20,0.000,-2.8640e-13,-1.3257e-13,-1.4567e-13,-6.6049e-14,6.6304e-14,7.7391e-12,20.00,20.00,72.44,3.58369e-08,3.55298e-08,1.20404e-02,4.2745e-03,5.0067e-05,4.8438e-06,1.6122e-07,1.1968e-02,4.2041e-03,4.8975e-05,4.6880e-06,1.6094e-07,6.0072,16.7563,22.3065,33.2252,0.9289,2.9247,0.0012,0,60,10.7621,0.0027,0,60,-0.4647,-0.5495,-37.4109,
C:\Nu Stable\Results\2021\20210517 clumped Brazil Antoine powders Nova Olinda fracture FMM,20210517 clumped Brazil Antoine powders Nova Olinda fracture FMM,Data_13669 30-RJS-5166.25E.txt,30-RJS-5166.25E,C:\Nu Stable\Analyses\DI\CO2 20-6-20 clumped NuCarb.rdf,Clumped CO2 Iterative,2021/05/17 14:10:44,2021/05/18 19:49:39,483,22,9.2606e-08,1.917318E-10,CF,14.160,3.177e-02,0,3.1060e-02,14752, InitialisePrepSampleRun; CheckIfCFRequired; UseCF; SampleTrapped; BalanceRefToSamValue; DepletingBalance; SampleReady;,4.1967e-08,1.0550e-07,8.8844e-08,8.9604e-08,8.9513e-08,8.9603e-08,0.96,2021/05/18 19:48:53,-0.10,4983,8448,3.1766e-02,46.011,20,0.000,-2.7636e-13,-1.2813e-13,-1.4053e-13,-6.1308e-14,7.3010e-14,7.7900e-12,32.00,32.00,72.44,4.30232e-08,4.11817e-08,1.20340e-02,4.2725e-03,4.9999e-05,4.8217e-06,1.2185e-07,1.1968e-02,4.2038e-03,4.8949e-05,4.6678e-06,1.1891e-07,5.4880,16.3394,21.4548,33.0067,18.3200,2.3865,0.0016,0,60,10.3483,0.0046,0,60,-0.3627,0.0591,-19.3564,
C:\Nu Stable\Results\2021\20210517 clumped Brazil Antoine powders Nova Olinda fracture FMM,20210517 clumped Brazil Antoine powders Nova Olinda fracture FMM,Data_13670 30-RJS-5166.25F.txt,30-RJS-5166.25F,C:\Nu Stable\Analyses\DI\CO2 20-6-20 clumped NuCarb.rdf,Clumped CO2 Iterative,2021/05/17 14:10:44,2021/05/18 21:12:23,419,23,3.0416e-08,7.259264E-11,CF,3.326,3.106e-02,0,3.0369e-02,14752, InitialisePrepSampleRun; CheckIfCFRequired; UseCF; SampleTrapped; BalanceRefToSamValue; SampleReady; (BeamTooBig_RunningMisBalanced) ;,4.1209e-08,1.0579e-07,2.9212e-08,5.3799e-08,5.3765e-08,5.3619e-08,0.96,2021/05/18 21:11:25,-29.12,8397,8446,3.1060e-02,46.003,20,0.000,-2.7112e-13,-1.2587e-13,-1.3797e-13,-6.1551e-14,6.9094e-14,7.3493e-12,28.00,28.00,72.44,2.28464e-08,1.60580e-08,1.20327e-02,4.2739e-03,5.0116e-05,4.8886e-06,2.2922e-07,1.1965e-02,4.2020e-03,4.8982e-05,4.7014e-06,1.7929e-07,5.6931,17.0995,23.1581,39.8026,240.0087,2.5786,0.0040,0,60,11.1043,0.0111,0,60,0.3576,5.1346,192.1298,
C:\Nu Stable\Results\2021\20210517 clumped Brazil Antoine powders Nova Olinda fracture FMM,20210517 clumped Brazil Antoine powders Nova Olinda fracture FMM,Data_13671 ETH-02.txt,ETH-02,C:\Nu Stable\Analyses\DI\CO2 20-6-20 clumped NuCarb.rdf,Clumped CO2 Iterative,2021/05/17 14:10:44,2021/05/18 22:34:28,390,24,1.3265e-07,3.401265E-10,CF,20.080,3.106e-02,1,3.1060e-02,14720, InitialisePrepSampleRun; CheckIfCFRequired; UseCF; SampleTrapped; Chop_CF_SamSub; SampleTrapped; BalanceRefToSamValue; DepletingBalance; SampleReady;,4.0757e-08,1.0618e-07,5.5859e-08,5.6109e-08,5.6083e-08,5.5906e-08,0.96,2021/05/18 22:33:43,0.32,6702,8446,3.1060e-02,46.005,20,0.000,-2.6487e-13,-1.2322e-13,-1.3494e-13,-5.7973e-14,7.4369e-14,7.5075e-12,20.00,20.00,71.91,3.71650e-08,3.68224e-08,1.18827e-02,4.1815e-03,4.8316e-05,4.6306e-06,1.2856e-07,1.1967e-02,4.2029e-03,4.8944e-05,4.6779e-06,1.3022e-07,-7.0205,-5.0817,-12.8317,-10.1240,-15.9485,-10.1850,0.0010,0,60,-10.9417,0.0013,0,60,-0.6400,0.0136,1.4375,
C:\Nu Stable\Results\2021\20210517 clumped Brazil Antoine powders Nova Olinda fracture FMM,20210517 clumped Brazil Antoine powders Nova Olinda fracture FMM,Data_13672 ETH-01.txt,ETH-01,C:\Nu Stable\Analyses\DI\CO2 20-6-20 clumped NuCarb.rdf,Clumped CO2 Iterative,2021/05/17 14:10:44,2021/05/18 23:56:33,412,25,1.3909e-07,3.375906E-10,CF,21.179,3.106e-02,1,3.0369e-02,14720, InitialisePrepSampleRun; CheckIfCFRequired; UseCF; SampleTrapped; Chop_CF_SamSub; SampleTrapped; BalanceRefToSamValue; DepletingBalance; SampleReady;,4.0121e-08,1.0594e-07,5.8683e-08,5.8932e-08,5.8923e-08,5.8730e-08,0.96,2021/05/18 23:55:48,0.33,6397,8446,3.1060e-02,46.005,20,0.000,-2.5941e-13,-1.2062e-13,-1.3205e-13,-5.3991e-14,8.0806e-14,7.7999e-12,20.00,21.00,71.91,3.88282e-08,3.84912e-08,1.20246e-02,4.2512e-03,4.9680e-05,4.7542e-06,7.0256e-08,1.1967e-02,4.2029e-03,4.8915e-05,4.6491e-06,7.1351e-08,4.8457,11.4980,15.6308,22.6140,-12.0645,1.8697,0.0011,0,60,5.5318,0.0018,0,60,-0.7228,-0.5025,-38.9871,
C:\Nu Stable\Results\2021\20210517 clumped Brazil Antoine powders Nova Olinda fracture FMM,20210517 clumped Brazil Antoine powders Nova Olinda fracture FMM,Data_13673 23-RJS-5281.9.txt,23-RJS-5281.9,C:\Nu Stable\Analyses\DI\CO2 20-6-20 clumped NuCarb.rdf,Clumped CO2 Iterative,2021/05/17 14:10:44,2021/05/19 01:18:47,431,26,1.0672e-07,2.476087E-10,CF,16.571,3.106e-02,1,2.9034e-02,14752, InitialisePrepSampleRun; CheckIfCFRequired; UseCF; SampleTrapped; Chop_CF_SamSub; SampleTrapped; BalanceRefToSamValue; DepletingBalance; SampleReady;,3.9467e-08,1.0558e-07,4.5785e-08,4.6031e-08,4.6027e-08,4.5874e-08,0.96,2021/05/19 01:18:01,0.33,7531,8446,3.1060e-02,46.005,20,0.000,-2.5773e-13,-1.1994e-13,-1.3131e-13,-5.4368e-14,7.8338e-14,7.6398e-12,19.00,20.00,71.91,3.12031e-08,3.09117e-08,1.20238e-02,4.2663e-03,4.9852e-05,4.7669e-06,8.0781e-09,1.1966e-02,4.2026e-03,4.8897e-05,4.6269e-06,9.2369e-09,4.8554,15.1686,19.5331,30.2280,-8.1087,1.7535,0.0011,0,60,9.1846,0.0025,0,60,-0.4628,-0.3292,-41.9993,
C:\Nu Stable\Results\2021\20210517 clumped Brazil Antoine powders Nova Olinda fracture FMM,20210517 clumped Brazil Antoine powders Nova Olinda fracture FMM,Data_13674 23-RJS-5534.9.txt,23-RJS-5534.9,C:\Nu Stable\Analyses\DI\CO2 20-6-20 clumped NuCarb.rdf,Clumped CO2 Iterative,2021/05/17 14:10:44,2021/05/19 02:39:58,407,27,4.2392e-08,1.04157E-10,CF,5.768,3.249e-02,0,3.1060e-02,14752, InitialisePrepSampleRun; CheckIfCFRequired; UseCF; SampleTrapped; BalanceRefToSamValue; DepletingBalance; SampleReady;,3.8946e-08,1.0582e-07,4.0689e-08,4.1057e-08,4.1046e-08,4.1269e-08,0.96,2021/05/19 02:39:12,-0.54,8111,8446,3.2488e-02,46.005,20,0.000,-2.7073e-13,-1.2555e-13,-1.3739e-13,-6.1149e-14,6.9523e-14,7.4449e-12,29.00,28.00,71.91,2.27251e-08,2.16247e-08,1.20233e-02,4.2621e-03,4.9615e-05,4.5813e-06,-3.7794e-07,1.1965e-02,4.2024e-03,4.8722e-05,4.4622e-06,-3.4422e-07,4.8416,14.2171,18.3191,26.5455,85.7774,1.7717,0.0019,0,60,8.2378,0.0060,0,60,-0.7173,-2.0328,50.6318,
C:\Nu Stable\Results\2021\20210517 clumped Brazil Antoine powders Nova Olinda fracture FMM,20210517 clumped Brazil Antoine powders Nova Olinda fracture FMM,Data_13675 IAEA-C2.txt,IAEA-C2,C:\Nu Stable\Analyses\DI\CO2 20-6-20 clumped NuCarb.rdf,Clumped CO2 Iterative,2021/05/17 14:10:44,2021/05/19 04:02:24,441,28,1.5555e-07,3.527102E-10,CF,23.224,3.249e-02,1,3.2488e-02,14784, InitialisePrepSampleRun; CheckIfCFRequired; UseCF; SampleTrapped; Chop_CF_SamSub; SampleTrapped; BalanceRefToSamValue; DepletingBalance; SampleReady;,3.8626e-08,1.0564e-07,6.4969e-08,6.5247e-08,6.5217e-08,6.5004e-08,0.96,2021/05/19 04:01:39,0.33,5807,8444,3.2488e-02,46.009,20,0.000,-2.8777e-13,-1.3327e-13,-1.4598e-13,-6.7331e-14,6.5607e-14,7.7587e-12,21.00,21.00,71.91,4.23786e-08,4.20627e-08,1.19123e-02,4.2239e-03,4.8833e-05,4.6380e-06,-3.7423e-08,1.1969e-02,4.2044e-03,4.8866e-05,4.5965e-06,-3.3464e-08,-4.7610,4.6314,-0.6652,9.0138,54.9343,-8.1172,0.0008,0,60,-1.2806,0.0011,0,60,-0.2949,-0.2680,50.7059,
C:\Nu Stable\Results\2021\20210517 clumped Brazil Antoine powders Nova Olinda fracture FMM,20210517 clumped Brazil Antoine powders Nova Olinda fracture FMM,Data_13676 ETH-02.txt,ETH-02,C:\Nu Stable\Analyses\DI\CO2 20-6-20 clumped NuCarb.rdf,Clumped CO2 Iterative,2021/05/17 14:10:44,2021/05/19 05:24:41,412,29,3.5415e-08,8.595802E-11,CF,4.547,3.249e-02,0,3.1766e-02,14784, InitialisePrepSampleRun; CheckIfCFRequired; UseCF; SampleTrapped; BalanceRefToSamValue; SampleReady; (BeamTooBig_RunningMisBalanced) ;,3.7946e-08,1.0605e-07,3.3986e-08,4.1057e-08,4.1046e-08,4.1269e-08,0.96,2021/05/19 05:23:44,-11.48,8397,8449,3.2488e-02,46.009,20,0.000,-2.9591e-13,-1.3702e-13,-1.5011e-13,-7.3060e-14,5.5593e-14,7.3403e-12,28.00,28.00,71.91,2.12649e-08,1.81180e-08,1.18818e-02,4.1818e-03,4.8219e-05,4.5239e-06,-9.9681e-08,1.1967e-02,4.2030e-03,4.8861e-05,4.5828e-06,-7.1304e-08,-7.0906,-5.0606,-13.1472,-12.9256,314.6148,-10.2603,0.0018,0,60,-10.9206,0.0039,0,60,-0.9075,-2.8592,337.8986,
C:\Nu Stable\Results\2021\20210517 clumped Brazil Antoine powders Nova Olinda fracture FMM,20210517 clumped Brazil Antoine powders Nova Olinda fracture FMM,Data_13677 ETH-04.txt,ETH-04,C:\Nu Stable\Analyses\DI\CO2 20-6-20 clumped NuCarb.rdf,Clumped CO2 Iterative,2021/05/17 14:10:44,2021/05/19 06:45:28,509,30,6.9315e-08,1.361796E-10,CF,10.986,3.249e-02,0,3.1766e-02,14784, InitialisePrepSampleRun; CheckIfCFRequired; UseCF; SampleTrapped; BalanceRefToSamValue; DepletingBalance; SampleReady;,3.7599e-08,1.0605e-07,6.6546e-08,6.7166e-08,6.7144e-08,6.7302e-08,0.96,2021/05/19 06:44:42,-0.23,5612,8448,3.2488e-02,46.009,20,0.000,-3.0154e-13,-1.3965e-13,-1.5301e-13,-7.4417e-14,5.7310e-14,7.6407e-12,31.00,30.00,71.91,3.41455e-08,3.26661e-08,1.18832e-02,4.1825e-03,4.8288e-05,4.5873e-06,4.2018e-08,1.1969e-02,4.2044e-03,4.8920e-05,4.6356e-06,4.6114e-08,-7.1827,-5.2080,-12.9152,-10.4215,-98.9855,-10.3533,0.0014,0,60,-11.0671,0.0019,0,60,-0.4313,-0.0330,-82.6793,
C:\Nu Stable\Results\2021\20210517 clumped Brazil Antoine powders Nova Olinda fracture FMM,20210517 clumped Brazil Antoine powders Nova Olinda fracture FMM,Data_13678 23-RJS-5607.txt,23-RJS-5607,C:\Nu Stable\Analyses\DI\CO2 20-6-20 clumped NuCarb.rdf,Clumped CO2 Iterative,2021/05/17 14:10:44,2021/05/19 08:14:23,480,31,1.7206e-07,3.58465E-10,CF,25.787,3.398e-02,1,3.2488e-02,14784, InitialisePrepSampleRun; CheckIfCFRequired; UseCF; SampleTrapped; Chop_CF_SamSub; SampleTrapped; BalanceRefToSamValue; DepletingBalance; SampleReady;,4.2912e-08,1.0584e-07,7.1538e-08,7.1769e-08,7.1719e-08,7.1521e-08,0.96,2021/05/19 08:13:37,0.28,5857,8448,3.3983e-02,46.009,20,0.000,-3.0163e-13,-1.3990e-13,-1.5346e-13,-7.2398e-14,6.1262e-14,7.9832e-12,21.00,22.00,71.91,4.60303e-08,4.56987e-08,1.20175e-02,4.2626e-03,4.9748e-05,4.7588e-06,3.9005e-08,1.1971e-02,4.2052e-03,4.8912e-05,4.6332e-06,3.9961e-08,3.9080,13.6615,17.0763,27.0967,-81.1190,0.7972,0.0008,0,60,7.6869,0.0020,0,60,-0.4415,-0.4019,-109.0277,
C:\Nu Stable\Results\2021\20210517 clumped Brazil Antoine powders Nova Olinda fracture FMM,20210517 clumped Brazil Antoine powders Nova Olinda fracture FMM,Data_13679 26-RJS-5471.8.txt,26-RJS-5471.8,C:\Nu Stable\Analyses\DI\CO2 20-6-20 clumped NuCarb.rdf,Clumped CO2 Iterative,2021/05/17 14:10:44,2021/05/19 09:34:50,418,32,9.4192e-08,2.253393E-10,CF,14.587,3.249e-02,0,3.1766e-02,14784, InitialisePrepSampleRun; CheckIfCFRequired; UseCF; SampleTrapped; BalanceRefToSamValue; DepletingBalance; SampleReady;,4.2104e-08,1.0599e-07,9.0365e-08,9.1074e-08,9.0976e-08,9.0804e-08,0.96,2021/05/19 09:34:04,0.19,4942,8448,3.2488e-02,46.011,20,0.000,-3.0400e-13,-1.4086e-13,-1.5442e-13,-7.1257e-14,6.6215e-14,8.4087e-12,32.00,32.00,71.91,4.34226e-08,4.17553e-08,1.20283e-02,4.2694e-03,4.9897e-05,4.7836e-06,5.7411e-08,1.1971e-02,4.2052e-03,4.8938e-05,4.6420e-06,5.8837e-08,4.8242,15.2487,19.5981,30.4840,-19.8986,1.7176,0.0016,0,60,9.2644,0.0043,0,60,-0.4448,-0.2385,-53.5050,
C:\Nu Stable\Results\2021\20210517 clumped Brazil Antoine powders Nova Olinda fracture FMM,20210517 clumped Brazil Antoine powders Nova Olinda fracture FMM,Data_13680 26-RJS-5475.6.txt,26-RJS-5475.6,C:\Nu Stable\Analyses\DI\CO2 20-6-20 clumped NuCarb.rdf,Clumped CO2 Iterative,2021/05/17 14:10:44,2021/05/19 10:56:44,449,33,5.0008e-08,1.11377E-10,CF,7.202,3.249e-02,0,3.1766e-02,14784, InitialisePrepSampleRun; CheckIfCFRequired; UseCF; SampleTrapped; BalanceRefToSamValue; DepletingBalance; SampleReady;,4.1429e-08,1.0557e-07,4.7997e-08,4.8532e-08,4.8466e-08,4.8736e-08,0.96,2021/05/19 10:55:59,-0.55,7534,8448,3.2488e-02,46.007,20,0.000,-3.0400e-13,-1.4093e-13,-1.5436e-13,-7.5374e-14,5.5397e-14,7.6917e-12,30.00,29.00,71.91,2.61327e-08,2.49178e-08,1.20300e-02,4.2758e-03,5.0014e-05,4.8144e-06,8.3822e-08,1.1969e-02,4.2042e-03,4.8954e-05,4.6563e-06,8.4751e-08,5.1310,17.0066,21.6345,33.9300,-5.9785,1.9837,0.0017,0,60,11.0131,0.0061,0,60,-0.4666,-0.3600,-43.6330,
C:\Nu Stable\Results\2021\20210517 clumped Brazil Antoine powders Nova Olinda fracture FMM,20210517 clumped Brazil Antoine powders Nova Olinda fracture FMM,Data_13681 ETH-01.txt,ETH-01,C:\Nu Stable\Analyses\DI\CO2 20-6-20 clumped NuCarb.rdf,Clumped CO2 Iterative,2021/05/17 14:10:44,2021/05/19 12:19:32,457,34,3.1362e-08,6.862611E-11,CF,3.418,3.249e-02,0,3.1766e-02,14784, InitialisePrepSampleRun; CheckIfCFRequired; UseCF; SampleTrapped; BalanceRefToSamValue; SampleReady; (BeamTooBig_RunningMisBalanced) ;,4.0906e-08,1.0603e-07,3.0104e-08,9.1074e-08,9.0976e-08,9.0804e-08,0.96,2021/05/19 12:18:35,-27.35,8398,8448,3.2488e-02,46.007,20,0.000,-3.0463e-13,-1.4130e-13,-1.5482e-13,-7.7711e-14,5.0086e-14,7.2885e-12,28.00,28.00,71.91,2.26485e-08,1.62541e-08,1.20250e-02,4.2521e-03,4.9709e-05,4.7495e-06,4.4785e-08,1.1968e-02,4.2038e-03,4.8937e-05,4.6419e-06,5.1024e-08,4.7881,11.4983,15.7873,23.1778,-127.8874,1.8084,0.0031,0,60,5.5322,0.0102,0,60,-0.5101,0.0478,-151.6115,
C:\Nu Stable\Results\2021\20210517 clumped Brazil Antoine powders Nova Olinda fracture FMM,20210517 clumped Brazil Antoine powders Nova Olinda fracture FMM,Data_13683 30-RJS-5415.txt,30-RJS-5415,C:\Nu Stable\Analyses\DI\CO2 20-6-20 clumped NuCarb.rdf,Clumped CO2 Iterative,2021/05/19 16:05:52,2021/05/19 16:05:52,457,37,2.0910e-08,4.575583E-11,CF,1.221,3.323e-02,0,3.3227e-02,14816, InitialisePrepSampleRun; CheckIfCFRequired; UseCF; SampleTrapped; BalanceRefToSamValue; SampleReady; (BeamTooBig_RunningMisBalanced) ;,3.9736e-08,1.0543e-07,2.0071e-08,7.2772e-08,7.2735e-08,7.2530e-08,0.96,2021/05/19 16:04:54,-49.73,8397,8444,3.3227e-02,46.007,20,0.000,-2.9131e-13,-1.3544e-13,-1.4820e-13,-7.5910e-14,4.6849e-14,6.4176e-12,26.00,28.00,71.72,2.21148e-08,1.14461e-08,1.20278e-02,4.2591e-03,4.9785e-05,4.7248e-06,-7.1003e-08,1.1967e-02,4.2031e-03,4.8910e-05,4.6194e-06,-8.5855e-09,5.1083,13.3082,17.8861,22.7573,-867.5337,2.0869,0.0047,0,60,7.3327,0.0156,0,60,-0.5339,-3.9322,-871.5406,
C:\Nu Stable\Results\2021\20210517 clumped Brazil Antoine powders Nova Olinda fracture FMM,20210517 clumped Brazil Antoine powders Nova Olinda fracture FMM,Data_13684 NO-08.txt,NO-08,C:\Nu Stable\Analyses\DI\CO2 20-6-20 clumped NuCarb.rdf,Clumped CO2 Iterative,2021/05/19 16:05:52,2021/05/19 17:27:47,451,38,1.5299e-07,3.392339E-10,CF,23.651,3.177e-02,1,3.1766e-02,14752, InitialisePrepSampleRun; CheckIfCFRequired; UseCF; SampleTrapped; Chop_CF_SamSub; SampleTrapped; BalanceRefToSamValue; DepletingBalance; SampleReady;,3.9295e-08,1.0575e-07,6.4242e-08,6.4518e-08,6.4472e-08,6.4287e-08,0.96,2021/05/19 17:27:01,0.29,5926,8446,3.1766e-02,46.011,20,0.000,-2.9435e-13,-1.3690e-13,-1.4946e-13,-7.2046e-14,5.7435e-14,7.4449e-12,21.00,21.00,71.93,4.19801e-08,4.17062e-08,1.20130e-02,4.2352e-03,4.9426e-05,4.7095e-06,4.9862e-08,1.1970e-02,4.2047e-03,4.8914e-05,4.6431e-06,5.1506e-08,3.6042,7.2580,10.4627,14.3018,-33.4969,0.6948,0.0009,0,60,1.3150,0.0016,0,60,-0.4164,-0.2630,-50.7877,
C:\Nu Stable\Results\2021\20210517 clumped Brazil Antoine powders Nova Olinda fracture FMM,20210517 clumped Brazil Antoine powders Nova Olinda fracture FMM,Data_13685 ETH-02.txt,ETH-02,C:\Nu Stable\Analyses\DI\CO2 20-6-20 clumped NuCarb.rdf,Clumped CO2 Iterative,2021/05/19 16:05:52,2021/05/19 18:50:00,407,39,1.2900e-07,3.169608E-10,CF,20.142,3.106e-02,1,3.0369e-02,14720, InitialisePrepSampleRun; CheckIfCFRequired; UseCF; SampleTrapped; Chop_CF_SamSub; SampleTrapped; BalanceRefToSamValue; DepletingBalance; SampleReady;,3.8613e-08,1.0584e-07,5.4532e-08,5.4779e-08,5.4737e-08,5.4581e-08,0.96,2021/05/19 18:49:15,0.29,6553,8446,3.1060e-02,46.011,20,0.000,-2.9579e-13,-1.3730e-13,-1.5039e-13,-7.1831e-14,5.9223e-14,7.5764e-12,20.00,20.00,71.93,3.63907e-08,3.61039e-08,1.18855e-02,4.1833e-03,4.8295e-05,4.5871e-06,3.5957e-08,1.1970e-02,4.2046e-03,4.8925e-05,4.6342e-06,4.0191e-08,-7.0192,-5.0611,-12.8847,-10.1649,-140.0475,-10.1844,0.0011,0,60,-10.9212,0.0014,0,60,-0.7153,-0.0691,-124.8894,
C:\Nu Stable\Results\2021\20210517 clumped Brazil Antoine powders Nova Olinda fracture FMM,20210517 clumped Brazil Antoine powders Nova Olinda fracture FMM,Data_13686 ETH-01.txt,ETH-01,C:\Nu Stable\Analyses\DI\CO2 20-6-20 clumped NuCarb.rdf,Clumped CO2 Iterative,2021/05/19 16:05:52,2021/05/19 20:12:19,422,40,1.4377e-07,3.40689E-10,CF,22.186,3.106e-02,1,3.0369e-02,14752, InitialisePrepSampleRun; CheckIfCFRequired; UseCF; SampleTrapped; Chop_CF_SamSub; SampleTrapped; BalanceRefToSamValue; DepletingBalance; SampleReady;,3.8010e-08,1.0574e-07,6.0245e-08,6.0513e-08,6.0496e-08,6.0300e-08,0.96,2021/05/19 20:11:34,0.33,6054,8444,3.1060e-02,46.011,20,0.000,-2.9751e-13,-1.3824e-13,-1.5118e-13,-7.1670e-14,5.9867e-14,7.7301e-12,20.00,21.00,71.93,3.96977e-08,3.94059e-08,1.20280e-02,4.2532e-03,4.9702e-05,4.7565e-06,7.0771e-08,1.1970e-02,4.2049e-03,4.9676e-05,4.6654e-06,3.1062e-07,4.8460,11.4843,4.6208,19.6596,-71.5723,1.8705,0.0012,0,60,5.5182,0.0024,0,60,-11.5434,-3.3635,-96.8542,
C:\Nu Stable\Results\2021\20210517 clumped Brazil Antoine powders Nova Olinda fracture FMM,20210517 clumped Brazil Antoine powders Nova Olinda fracture FMM,Data_13687 NO-43.txt,NO-43,C:\Nu Stable\Analyses\DI\CO2 20-6-20 clumped NuCarb.rdf,Clumped CO2 Iterative,2021/05/19 16:05:52,2021/05/19 21:41:26,427,41,1.3701e-07,3.208579E-10,CF,20.843,3.249e-02,1,3.0369e-02,14720, InitialisePrepSampleRun; CheckIfCFRequired; UseCF; SampleTrapped; Chop_CF_SamSub; SampleTrapped; BalanceRefToSamValue; DepletingBalance; SampleReady;,4.1218e-08,1.0574e-07,5.7735e-08,5.7976e-08,5.7953e-08,5.7767e-08,0.96,2021/05/19 21:40:41,0.32,6603,8449,3.2488e-02,46.007,20,0.000,-2.9613e-13,-1.3758e-13,-1.5050e-13,-7.1588e-14,5.9778e-14,7.6693e-12,20.00,21.00,71.93,3.82290e-08,3.79500e-08,1.20166e-02,4.2330e-03,4.9440e-05,4.7117e-06,7.4485e-08,1.1970e-02,4.2047e-03,4.8936e-05,4.6502e-06,7.6728e-08,3.9184,6.7402,10.2863,13.2025,-28.1902,1.0471,0.0009,0,60,0.7991,0.0016,0,60,-0.4074,-0.3191,-44.9275,
C:\Nu Stable\Results\2021\20210517 clumped Brazil Antoine powders Nova Olinda fracture FMM,20210517 clumped Brazil Antoine powders Nova Olinda fracture FMM,Data_13688 26-RJS-5497.txt,26-RJS-5497,C:\Nu Stable\Analyses\DI\CO2 20-6-20 clumped NuCarb.rdf,Clumped CO2 Iterative,2021/05/19 16:05:52,2021/05/19 23:01:51,462,42,1.0062e-07,2.177911E-10,CF,16.022,3.106e-02,0,3.1766e-02,14752, InitialisePrepSampleRun; CheckIfCFRequired; UseCF; SampleTrapped; BalanceRefToSamValue; DepletingBalance; SampleReady;,4.0612e-08,1.0561e-07,9.6594e-08,9.7242e-08,9.7136e-08,9.7246e-08,0.96,2021/05/19 23:01:06,-0.11,4612,8449,3.1060e-02,46.011,20,0.000,-2.9669e-13,-1.3780e-13,-1.5078e-13,-6.7808e-14,6.8522e-14,8.3765e-12,33.00,32.00,71.93,4.58341e-08,4.39607e-08,1.20334e-02,4.2724e-03,4.9951e-05,4.7862e-06,4.2708e-08,1.1970e-02,4.2051e-03,4.8930e-05,4.6372e-06,4.4953e-08,5.2710,16.0174,20.8596,32.1139,-74.5011,2.1667,0.0015,0,60,10.0284,0.0047,0,60,-0.4113,-0.1720,-107.9908,
C:\Nu Stable\Results\2021\20210517 clumped Brazil Antoine powders Nova Olinda fracture FMM,20210517 clumped Brazil Antoine powders Nova Olinda fracture FMM,Data_13689 FRAC_1-29RA.txt,FRAC_1-29RA,C:\Nu Stable\Analyses\DI\CO2 20-6-20 clumped NuCarb.rdf,Clumped CO2 Iterative,2021/05/19 16:05:52,2021/05/20 00:25:20,435,43,1.4236e-07,3.272599E-10,CF,21.332,3.106e-02,1,3.1060e-02,14720, InitialisePrepSampleRun; CheckIfCFRequired; UseCF; SampleTrapped; Chop_CF_SamSub; SampleTrapped; BalanceRefToSamValue; DepletingBalance; SampleReady;,3.9981e-08,1.0556e-07,5.9856e-08,6.0114e-08,6.0089e-08,5.9904e-08,0.96,2021/05/20 00:24:34,0.31,6291,8448,3.1060e-02,46.009,20,0.000,-2.9752e-13,-1.3822e-13,-1.5112e-13,-7.1642e-14,6.1369e-14,7.8258e-12,20.00,21.00,71.93,3.94552e-08,3.91636e-08,1.20290e-02,4.2696e-03,4.9909e-05,4.7959e-06,8.6589e-08,1.1970e-02,4.2049e-03,4.8938e-05,4.6540e-06,8.6456e-08,4.9414,15.3752,19.8455,30.4867,3.9122,1.8380,0.0015,0,60,9.3900,0.0020,0,60,-0.4450,-0.4850,-30.8656,
C:\Nu Stable\Results\2021\20210517 clumped Brazil Antoine powders Nova Olinda fracture FMM,20210517 clumped Brazil Antoine powders Nova Olinda fracture FMM,Data_13690 ETH-04.txt,ETH-04,C:\Nu Stable\Analyses\DI\CO2 20-6-20 clumped NuCarb.rdf,Clumped CO2 Iterative,2021/05/19 16:05:52,2021/05/20 01:47:15,447,44,1.6775e-07,3.752834E-10,CF,25.360,3.106e-02,1,3.1060e-02,14720, InitialisePrepSampleRun; CheckIfCFRequired; UseCF; SampleTrapped; Chop_CF_SamSub; SampleTrapped; BalanceRefToSamValue; DepletingBalance; SampleReady;,3.9267e-08,1.0593e-07,6.9857e-08,7.0085e-08,7.0063e-08,6.9832e-08,0.96,2021/05/20 01:46:30,0.33,5596,8448,3.1060e-02,46.009,20,0.000,-2.9486e-13,-1.3728e-13,-1.5000e-13,-6.8843e-14,6.5321e-14,8.0708e-12,21.00,21.00,71.93,4.51164e-08,4.48180e-08,1.18843e-02,4.1828e-03,4.8299e-05,4.6088e-06,8.2638e-08,1.1970e-02,4.2048e-03,4.8934e-05,4.6572e-06,8.4772e-08,-7.1611,-5.2266,-12.9665,-10.3873,-26.6617,-10.3296,0.0017,0,60,-11.0856,0.0026,0,60,-0.4873,0.0390,-9.0318,
C:\Nu Stable\Results\2021\20210517 clumped Brazil Antoine powders Nova Olinda fracture FMM,20210517 clumped Brazil Antoine powders Nova Olinda fracture FMM,Data_13691 ETH-03.txt,ETH-03,C:\Nu Stable\Analyses\DI\CO2 20-6-20 clumped NuCarb.rdf,Clumped CO2 Iterative,2021/05/19 16:05:52,2021/05/20 03:09:34,400,45,1.3633e-07,3.408203E-10,CF,20.782,3.106e-02,1,2.9694e-02,14720, InitialisePrepSampleRun; CheckIfCFRequired; UseCF; SampleTrapped; Chop_CF_SamSub; SampleTrapped; BalanceRefToSamValue; DepletingBalance; SampleReady;,3.8560e-08,1.0562e-07,5.7309e-08,5.7558e-08,5.7518e-08,5.7393e-08,0.96,2021/05/20 03:08:49,0.22,6328,8447,3.1060e-02,46.009,20,0.000,-2.9354e-13,-1.3647e-13,-1.4919e-13,-6.9535e-14,6.5965e-14,7.8401e-12,20.00,21.00,71.93,3.79938e-08,3.76989e-08,1.20241e-02,4.2553e-03,4.9723e-05,4.7543e-06,5.5145e-08,1.1969e-02,4.2046e-03,4.8968e-05,4.6444e-06,6.9862e-08,4.5753,12.0422,15.3968,23.6205,-52.3255,1.5632,0.0025,0,60,6.0740,0.0104,0,60,-1.2049,-0.5945,-78.8669,
C:\Nu Stable\Results\2021\20210517 clumped Brazil Antoine powders Nova Olinda fracture FMM,20210517 clumped Brazil Antoine powders Nova Olinda fracture FMM,Data_13692 FRAC_1-29RB.txt,FRAC_1-29RB,C:\Nu Stable\Analyses\DI\CO2 20-6-20 clumped NuCarb.rdf,Clumped CO2 Iterative,2021/05/19 16:05:52,2021/05/20 04:32:00,423,46,1.2382e-07,2.92719E-10,CF,19.165,3.106e-02,1,3.1766e-02,14752, InitialisePrepSampleRun; CheckIfCFRequired; UseCF; SampleTrapped; Chop_CF_SamSub; SampleTrapped; BalanceRefToSamValue; DepletingBalance; SampleReady;,3.8008e-08,1.0562e-07,5.2323e-08,5.2565e-08,5.2542e-08,5.2399e-08,0.96,2021/05/20 04:31:14,0.27,6672,8446,3.1060e-02,46.009,20,0.000,-2.9255e-13,-1.3605e-13,-1.4858e-13,-7.0016e-14,6.2209e-14,7.7087e-12,20.00,20.00,71.93,3.50756e-08,3.47774e-08,1.20373e-02,4.2643e-03,4.9907e-05,4.8017e-06,1.1632e-07,1.1969e-02,4.2046e-03,4.8954e-05,4.6699e-06,1.1603e-07,5.6977,14.2110,19.4854,28.2299,0.6675,2.6830,0.0026,0,60,8.2298,0.0129,0,60,-0.4443,-0.3830,-32.5897,
C:\Nu Stable\Results\2021\20210517 clumped Brazil Antoine powders Nova Olinda fracture FMM,20210517 clumped Brazil Antoine powders Nova Olinda fracture FMM,Data_13693 IAEA-C1.txt,IAEA-C1,C:\Nu Stable\Analyses\DI\CO2 20-6-20 clumped NuCarb.rdf,Clumped CO2 Iterative,2021/05/19 16:05:52,2021/05/20 05:53:45,528,47,2.1014e-07,3.979895E-10,CF,30.609,3.106e-02,1,2.9034e-02,14720, InitialisePrepSampleRun; CheckIfCFRequired; UseCF; SampleTrapped; Chop_CF_SamSub; SampleTrapped; BalanceRefToSamValue; DepletingBalance; SampleReady;,3.7434e-08,1.0551e-07,8.6836e-08,8.6738e-08,8.7329e-08,8.6409e-08,0.96,2021/05/20 05:53:00,1.06,4692,8446,3.1060e-02,46.011,20,0.000,-2.8833e-13,-1.3414e-13,-1.4659e-13,-6.3851e-14,7.3117e-14,8.3354e-12,22.00,23.00,71.93,5.41211e-08,5.41875e-08,1.20333e-02,4.2532e-03,4.9721e-05,4.7627e-06,9.5601e-08,1.1970e-02,4.2049e-03,4.8930e-05,4.6578e-06,9.5921e-08,5.2589,11.4831,16.1730,22.5103,-2.3170,2.3100,0.0013,0,60,5.5161,0.0033,0,60,-0.5984,-0.5744,-29.9012,
C:\Nu Stable\Results\2021\20210517 clumped Brazil Antoine powders Nova Olinda fracture FMM,20210517 clumped Brazil Antoine powders Nova Olinda fracture FMM,Data_13694 FRAC_1-29RC.txt,FRAC_1-29RC,C:\Nu Stable\Analyses\DI\CO2 20-6-20 clumped NuCarb.rdf,Clumped CO2 Iterative,2021/05/19 16:05:52,2021/05/20 07:15:53,453,48,1.5335e-07,3.385235E-10,CF,23.010,3.177e-02,1,3.1060e-02,14752, InitialisePrepSampleRun; CheckIfCFRequired; UseCF; SampleTrapped; Chop_CF_SamSub; SampleTrapped; BalanceRefToSamValue; DepletingBalance; SampleReady;,3.6659e-08,1.0604e-07,6.4099e-08,6.4360e-08,6.4335e-08,6.4113e-08,0.96,2021/05/20 07:15:08,0.35,5652,8446,3.1766e-02,46.011,20,0.000,-2.8431e-13,-1.3231e-13,-1.4456e-13,-6.3749e-14,7.1615e-14,8.1995e-12,21.00,21.00,71.93,4.19498e-08,4.16994e-08,1.20310e-02,4.2609e-03,4.9800e-05,4.7585e-06,4.0342e-08,1.1969e-02,4.2045e-03,4.8914e-05,4.6353e-06,4.0901e-08,5.1581,13.4280,18.1136,26.5503,-13.9913,2.1357,0.0047,0,60,7.4518,0.0131,0,60,-0.4778,-0.4734,-44.7644,
C:\Nu Stable\Results\2021\20210517 clumped Brazil Antoine powders Nova Olinda fracture FMM,20210517 clumped Brazil Antoine powders Nova Olinda fracture FMM,Data_13695 ETH-03.txt,ETH-03,C:\Nu Stable\Analyses\DI\CO2 20-6-20 clumped NuCarb.rdf,Clumped CO2 Iterative,2021/05/19 16:05:52,2021/05/20 08:37:59,428,49,1.4712e-07,3.437476E-10,CF,22.278,3.177e-02,1,3.1060e-02,14752, InitialisePrepSampleRun; CheckIfCFRequired; UseCF; SampleTrapped; Chop_CF_SamSub; SampleTrapped; BalanceRefToSamValue; DepletingBalance; SampleReady;,3.6011e-08,1.0602e-07,6.1652e-08,6.1884e-08,6.1862e-08,6.1654e-08,0.96,2021/05/20 08:37:13,0.34,5734,8450,3.1766e-02,46.011,20,0.000,-2.8472e-13,-1.3258e-13,-1.4489e-13,-6.5244e-14,6.9612e-14,7.9939e-12,21.00,21.00,71.93,4.04605e-08,4.01852e-08,1.20238e-02,4.2547e-03,4.9726e-05,4.7617e-06,7.3902e-08,1.1969e-02,4.2044e-03,4.8933e-05,4.6510e-06,7.4696e-08,4.5662,11.9600,16.2030,23.7924,-8.8181,1.5563,0.0011,0,60,5.9922,0.0020,0,60,-0.3226,-0.2643,-36.4101,
C:\Nu Stable\Results\2021\20210517 clumped Brazil Antoine powders Nova Olinda fracture FMM,20210517 clumped Brazil Antoine powders Nova Olinda fracture FMM,Data_13696 ETH-01.txt,ETH-01,C:\Nu Stable\Analyses\DI\CO2 20-6-20 clumped NuCarb.rdf,Clumped CO2 Iterative,2021/05/19 16:05:52,2021/05/20 10:00:08,415,50,1.4285e-07,3.442143E-10,CF,21.698,3.177e-02,1,2.9034e-02,14752, InitialisePrepSampleRun; CheckIfCFRequired; UseCF; SampleTrapped; Chop_CF_SamSub; SampleTrapped; BalanceRefToSamValue; DepletingBalance; SampleReady;,3.5349e-08,1.0611e-07,5.9967e-08,6.0253e-08,6.0197e-08,6.0037e-08,0.96,2021/05/20 09:59:22,0.27,5768,8448,3.1766e-02,46.007,20,0.000,-2.8336e-13,-1.3197e-13,-1.4410e-13,-6.4881e-14,7.1114e-14,7.9277e-12,20.00,21.00,71.93,3.95315e-08,3.92625e-08,1.20269e-02,4.2528e-03,4.9745e-05,4.8023e-06,1.7406e-07,1.1969e-02,4.2041e-03,4.8975e-05,4.6953e-06,1.7457e-07,4.8653,11.5791,15.7142,22.7918,-6.9964,1.8878,0.0011,0,60,5.6125,0.0019,0,60,-0.7397,-0.4890,-34.2292,
